DATE,PRIX,HIPPODROME,ARRIVEE
01/01/2010,PRIX DU CROISE-LAROCHE,Vincennes,14 - 11 - 2 - 6 - 19
02/01/2010,PRIX DE MEULAN,Vincennes,5 - 8 - 15 - 12 - 13
03/01/2010,PRIX DE BOURGOGNE,Vincennes,9 - 3 - 5 - 4 - 12
04/01/2010,PRIX DE LA BAIE DE SEINE,Deauville,13 - 8 - 16 - 7 - 5
05/01/2010,PRIX PIERRE ESTREM-REY,Pau,15 - 18 - 7 - 9 - 6
06/01/2010,PRIX HERSILIE,Vincennes,6 - 2 - 12 - 1 - 13
07/01/2010,PRIX DE POITIERS,Vincennes,2 - 9 - 17 - 7 - 15
08/01/2010,PRIX DE BASSE-NORMANDIE,Deauville,6 - 2 - 9 - 12 - 7
09/01/2010,PRIX DE MAISONS-ALFORT,Vincennes,5 - 13 - 15 - 10 - 12
10/01/2010,PRIX DE LILLE,Vincennes,7 - 16 - 5 - 17 - 10
11/01/2010,PRIX DE RIBEAUVILLE,Vincennes,14 - 7 - 15 - 11 - 8
12/01/2010,PRIX DU LIMOUSIN,Vincennes,17 - 11 - 8 - 19 - 1
13/01/2010,PRIX DE LA COTE D'ARGENT,Cagnes,5 - 8 - 1 - 13 - 2
14/01/2010,PRIX D'EVIAN,Vincennes,1 - 8 - 9 - 4 - 15
15/01/2010,PRIX DE LA COTE D'AZUR,Cagnes,3 - 10 - 1 - 12 - 15
16/01/2010,PRIX DU FOREZ,Vincennes,15 - 13 - 9 - 10 - 6
17/01/2010,PRIX DE BELGIQUE,Vincennes,3 - 2 - 10 - 5 - 7
18/01/2010,PRIX DE BOIS-GUILLAUME,Vincennes,7 - 11 - 9 - 13 - 5
19/01/2010,PRIX AUGUSTE DE CASTELBAJAC,Pau,11 - 14 - 12 - 7 - 1
20/01/2010,PRIX DE NORMANDIE,Cagnes,16 - 10 - 11 - 2 - 8
21/01/2010,PRIX DE PRIVAS,Vincennes,13 - 8 - 2 - 15 - 7
22/01/2010,PRIX DE MARSEILLE,Cagnes,9 - 3 - 6 - 12 - 13
23/01/2010,PRIX DE GRANVILLE,Vincennes,9 - 6 - 14 - 8 - 15
24/01/2010,PRIX DE CORNULIER,Vincennes,16 - 14 - 13 - 6 - 15
25/01/2010,PRIX DE CANNES,Cagnes,3 - 14 - 6 - 12 - 16
26/01/2010,PRIX CHARLES GASTAUD,Cagnes,1 - 15 - 8 - 16 - 17
27/01/2010,PRIX UNE DE MAI,Cagnes,10 - 3 - 7 - 4 - 5
28/01/2010,PRIX DE LA THIERACHE,Vincennes,4 - 12 - 10 - 13 - 9
29/01/2010,PRIX RENE CRAMAIL,Pau,5 - 7 - 14 - 4 - 6
30/01/2010,PRIX DU LUXEMBOURG,Vincennes,5 - 6 - 14 - 13 - 4
31/01/2010,PRIX D'AMERIQUE MARIONNAUD,Vincennes,6 - 1 - 18 - 14 - 13
01/02/2010,PRIX DE LA CHARTRE SUR LE LOIR,Vincennes,11 - 4 - 12 - 13 - 9
02/02/2010,PRIX DE VITTEL,Vincennes,8 - 4 - 10 - 15 - 14
03/02/2010,PRIX DE NICE,Cagnes,4 - 2 - 6 - 7 - 8
04/02/2010,PRIX DE LANGEAIS,Vincennes,13 - 11 - 14 - 4 - 1
05/02/2010,PRIX ANNIE HUTTON,Pau,5 - 2 - 17 - 13 - 11
06/02/2010,PRIX D'AVIGNON,Vincennes,8 - 2 - 12 - 13 - 10
07/02/2010,PRIX DES ROUGES TERRES,Vincennes,6 - 4 - 12 - 13 - 10
08/02/2010,PRIX DE GAILLAC,Vincennes,14 - 13 - 7 - 12 - 9
09/02/2010,PRIX DES PENSEES,Cagnes,6 - 14 - 5 - 9 - 8
10/02/2010,PRIX DE L'ILLE-ET-VILAINE,Vincennes,12 - 7 - 15 - 3 - 5
11/02/2010,PRIX DE LA NIEVRE,Vincennes,15 - 11 - 10 - 13 - 16
12/02/2010,PRIX D'OLARGUES,Cagnes,3 - 15 - 12 - 17 - 8
13/02/2010,PRIX DU BOUSCAT,Vincennes,6 - 13 - 16 - 10 - 4
14/02/2010,PRIX DES VOSGES,Vincennes,2 - 1 - 9 - 12 - 7
15/02/2010,PRIX DE JULLIANGES,Enghien,6 - 4 - 13 - 10 - 9
16/02/2010,PRIX DE SAINT-PIERRE LA COUR,Enghien,9 - 16 - 13 - 6 - 15
17/02/2010,PRIX DE CHANTILLY,Cagnes,3 - 10 - 9 - 12 - 11
18/02/2010,PRIX DE CHATEAURENARD,Vincennes,1 - 8 - 4 - 6 - 15
19/02/2010,PRIX DE BARCELONE,Cagnes,5 - 10 - 6 - 3 - 4
20/02/2010,PRIX D'ANTIBES,Cagnes,4 - 7 - 3 - 5 - 13
21/02/2010,PRIX DE PARIS,Vincennes,3 - 6 - 7 - 14 - 11
22/02/2010,PRIX DE CAHORS,Vincennes,8 - 6 - 9 - 11 - 10
23/02/2010,PRIX DU CHESNAY,Vincennes,12 - 2 - 3 - 8 - 19
24/02/2010,PRIX DE SAINTE-MAXIME,Cagnes,6 - 15 - 3 - 11 - 14
25/02/2010,PRIX DU PLATEAU DE GRAVELLE,Vincennes,15 - 13 - 11 - 6 - 2
26/02/2010,PRIX DE MONTSALVY,Enghien,2 - 5 - 11 - 8 - 13
27/02/2010,PRIX JACQUES GELIOT,Cagnes,5 - 4 - 8 - 1 - 9
28/02/2010,PRIX DE MONFLANQUIN,Vincennes,12 - 4 - 6 - 14 - 5
01/03/2010,PRIX DU CONSEIL GENERAL DES BOUCHES DU RHONE,Marseille,7 - 2 - 4 - 6 - 1
02/03/2010,PRIX BEUGNOT,Enghien,1 - 11 - 7 - 10 - 12
03/03/2010,PRIX DE SEDAN,Enghien,3 - 12 - 1 - 4 - 2
04/03/2010,PRIX EMILE ALLIX COURBOY,Vincennes,3 - 7 - 8 - 13 - 6
05/03/2010,PRIX DE STOCKHOLM,Cagnes,6 - 9 - 11 - 18 - 3
06/03/2010,PRIX DE L'UNION EUROPEENNE,Vincennes,10 - 8 - 11 - 14 - 2
07/03/2010,PRIX KARCIMONT,Auteuil,11 - 5 - 3 - 2 - 15
08/03/2010,HANDICAP DE L'ILE DE FRANCE,Saint-cloud,3 - 4 - 14 - 8 - 13
09/03/2010,PRIX SPUMATE,Enghien,9 - 3 - 7 - 8 - 1
10/03/2010,GRAND NATIONAL DU TROT,Amiens,4 - 15 - 11 - 9 - 8
11/03/2010,PRIX DU MONT SAINT-JEAN,Deauville,10 - 2 - 13 - 9 - 11
12/03/2010,PRIX DU PAYS DE BRAY,Deauville,13 - 2 - 8 - 1 - 14
13/03/2010,PRIX TEDDY,Saint-cloud,11 - 7 - 13 - 3 - 8
14/03/2010,PRIX UNIVERS II,Auteuil,12 - 16 - 5 - 19 - 8
15/03/2010,PRIX DE PICARDIE,Compiegne,12 - 16 - 11 - 5 - 14
16/03/2010,PRIX DU PAYS BASQUE,Saint-cloud,3 - 16 - 18 - 17 - 5
17/03/2010,GRAND PRIX CONSEIL GENERAL DE LA MAYENNE,Laval,12 - 7 - 8 - 6 - 13
18/03/2010,PRIX DES FALAISES,Deauville,10 - 11 - 4 - 9 - 15
19/03/2010,PRIX DE CAUVICOURT,Caen,6 - 3 - 8 - 1 - 2
20/03/2010,HANDICAP DE SAINT-CLOUD,Saint-cloud,7 - 2 - 6 - 1 - 11
21/03/2010,PRIX PREDICATEUR,Auteuil,17 - 7 - 2 - 8 - 3
22/03/2010,PRIX DE SENLIS,Compiegne,9 - 3 - 7 - 12 - 17
23/03/2010,PRIX DU CONSEIL MUNICIPAL DE FONTAINEBLEAU,Fontainebleau,5 - 7 - 2 - 16 - 6
24/03/2010,GRAND PRIX PARIS TURF,Beaumont De Lomagne,5 - 6 - 3 - 16 - 17
25/03/2010,PRIX DE LA SEINE NORMANDE,Deauville,12 - 2 - 9 - 15 - 10
26/03/2010,PRIX MAIA,Vincennes,15 - 17 - 11 - 13 - 3
27/03/2010,PRIX JEAN CABROL,Vincennes,12 - 6 - 1 - 14 - 11
28/03/2010,PRIX LUTTEUR III,Auteuil,11 - 9 - 18 - 1 - 10
29/03/2010,PRIX DES PAYS DE LA LOIRE,Saint-cloud,5 - 16 - 10 - 13 - 12
30/03/2010,PRIX DE L'OISE,Compiegne,14 - 17 - 1 - 9 - 5
31/03/2010,GRAND NATIONAL DU TROT,Marseille,7 - 13 - 2 - 11 - 15
01/04/2010,PRIX DE LA GASCOGNE,Saint-cloud,13 - 3 - 16 - 8 - 7
02/04/2010,PRIX AMALTHEA,Vincennes,1 - 2 - 14 - 15 - 10
03/04/2010,PRIX GENERAL DE ROUGEMONT,Auteuil,12 - 7 - 2 - 4 - 10
04/04/2010,PRIX DU LANGUEDOC,Saint-cloud,6 - 12 - 4 - 16 - 2
05/04/2010,PRIX DU PALAIS GARNIER,Paris-Longchamp,17 - 12 - 15 - 9 - 4
06/04/2010,PRIX ROSE OR NO,Enghien,14 - 18 - 2 - 12 - 10
07/04/2010,GRAND PRIX DE LA VILLE D'ANGERS,Angers,17 - 10 - 5 - 18 - 8
08/04/2010,PRIX DE NEWMARKET,Maisons-laffitte,5 - 1 - 3 - 2 - 15
09/04/2010,PRIX ATE,Vincennes,3 - 5 - 14 - 16 - 6
10/04/2010,PRIX D'AUBUSSON,Vincennes,5 - 7 - 8 - 4 - 2
11/04/2010,PRIX DU PALAIS DU LOUVRE,Paris-Longchamp,2 - 6 - 11 - 3 - 14
12/04/2010,PRIX DE LA ROCHELLE,Enghien,12 - 10 - 4 - 1 - 13
13/04/2010,PRIX DE PROVENCE,Saint-cloud,8 - 14 - 2 - 17 - 13
14/04/2010,GRAND NATIONAL DU TROT,Saint-galmier,13 - 11 - 4 - 7 - 15
15/04/2010,PRIX DU PALAIS DES GLACES,Paris-Longchamp,2 - 18 - 16 - 6 - 10
16/04/2010,PRIX EUKRATE,Vincennes,6 - 3 - 14 - 1 - 12
17/04/2010,PRIX DE CHATEAU-GAILLARD,Vincennes,10 - 9 - 16 - 15 - 18
18/04/2010,PRIX DU PRESIDENT DE LA REPUBLIQUE,Auteuil,12 - 9 - 1 - 20 - 3
19/04/2010,PRIX DE MONTIGNY,Maisons-laffitte,4 - 12 - 16 - 8 - 13
20/04/2010,PRIX DE LA PLACE VENDOME,Paris-Longchamp,1 - 18 - 12 - 4 - 15
21/04/2010,GRAND PRIX CONSEIL REGIONAL DES PAYS DE LOIRE,Pontchateau,4 - 7 - 9 - 5 - 6
22/04/2010,PRIX DU BEARN,Saint-cloud,3 - 1 - 7 - 13 - 4
23/04/2010,PRIX JACQUES ORLIAGUET,Vincennes,11 - 20 - 17 - 16 - 13
24/04/2010,PRIX DE L'ATLANTIQUE,Enghien,7 - 2 - 5 - 10 - 14
25/04/2010,PRIX DE SATORY,Paris-Longchamp,9 - 10 - 5 - 1 - 11
26/04/2010,PRIX GASTON BRANERE,Auteuil,4 - 12 - 6 - 13 - 9
27/04/2010,PRIX D'ORRY,Chantilly,4 - 3 - 11 - 13 - 2
28/04/2010,GRAND NATIONAL DU TROT,Agen,11 - 3 - 13 - 5 - 10
29/04/2010,PRIX DU PAVILLON ROYAL,Paris-Longchamp,16 - 12 - 15 - 7 - 14
30/04/2010,PRIX HUBERTA,Vincennes,8 - 15 - 4 - 3 - 11
01/05/2010,PRIX DE JARDY,Saint-cloud,1 - 3 - 14 - 4 - 6
02/05/2010,PRIX DU BOIS DE BOULOGNE,Paris-Longchamp,1 - 10 - 3 - 11 - 7
03/05/2010,PRIX DU CHATEAU DE CHANTILLY,Chantilly,2 - 1 - 7 - 3 - 13
04/05/2010,PRIX DES ECURIES DU CHATEAU,Maisons-laffitte,1 - 5 - 7 - 8 - 9
05/05/2010,PRIX DU NICOIS,Lyon,10 - 12 - 14 - 5 - 11
06/05/2010,PRIX DE L'ILE DE LA CITE,Paris-Longchamp,16 - 14 - 13 - 18 - 2
07/05/2010,PRIX BETTINA,Vincennes,10 - 3 - 9 - 7 - 15
08/05/2010,CRITERIUM DES 4 ANS,Vincennes,9 - 10 - 17 - 12 - 2
09/05/2010,GRANDE COURSE DE HAIES DE PRINTEMPS,Auteuil,20 - 13 - 12 - 2 - 9
10/05/2010,PRIX DE LA CAPITAINERIE,Chantilly,9 - 7 - 11 - 2 - 8
11/05/2010,PRIX DE LA VILLE DE TOULOUSE,Toulouse,13 - 8 - 11 - 6 - 10
12/05/2010,GRAND PRIX DU DEPARTEMENT DU RHONE,Lyon,2 - 15 - 12 - 4 - 16
13/05/2010,GRAND PRIX ONET SECURITE,Lyon,2 - 18 - 12 - 16 - 15
14/05/2010,PRIX DE NOGENT SUR MARNE,Vincennes,2 - 14 - 5 - 10 - 1
15/05/2010,PRIX DU GATINAIS,Vincennes,2 - 11 - 10 - 7 - 1
16/05/2010,PRIX ANDRE CARRUS,Paris-Longchamp,8 - 6 - 12 - 16 - 4
17/05/2010,PRIX D'ALSACE,Maisons-laffitte,7 - 10 - 1 - 13 - 3
18/05/2010,PRIX LE GUALES DE MEZAUBRAN,Auteuil,12 - 6 - 13 - 8 - 1
19/05/2010,PRIX DES DUCS DE NORMANDIE,Caen,14 - 12 - 10 - 11 - 3
20/05/2010,PRIX DE CHEVILLY,Paris-Longchamp,9 - 14 - 7 - 2 - 5
21/05/2010,PRIX JACQUES DE SAINT SAUVEUR,Vincennes,5 - 1 - 6 - 12 - 4
22/05/2010,GRAND HANDICAP DE MAISONS-LAFFITTE,Maisons-laffitte,4 - 3 - 6 - 10 - 12
23/05/2010,PRIX DU PARC MONCEAU,Paris-Longchamp,14 - 12 - 16 - 10 - 3
24/05/2010,PRIX DE BOURGOGNE,Saint-cloud,3 - 1 - 14 - 12 - 7
25/05/2010,PRIX DU CHATEAU DE COMPIEGNE,Compiegne,6 - 1 - 5 - 8 - 7
26/05/2010,GRAND NATIONAL DU TROT,La Capelle,12 - 18 - 7 - 4 - 14
27/05/2010,PRIX DU BEL AIR,Paris-Longchamp,8 - 12 - 2 - 3 - 5
28/05/2010,PRIX CONSTELLATION,Vincennes,16 - 12 - 6 - 8 - 7
29/05/2010,PRIX D'ESPELETTE,Enghien,15 - 9 - 12 - 10 - 14
30/05/2010,GRAND STEEPLE-CHASE DE PARIS,Auteuil,4 - 6 - 9 - 7 - 13
31/05/2010,PRIX DES GRAVILLIERS,Paris-Longchamp,10 - 14 - 3 - 4 - 13
01/06/2010,PRIX DU JOURNAL L'ALSACE,Strasbourg,1 - 16 - 6 - 7 - 11
02/06/2010,PRIX LE ROI SOLEIL,Maisons-laffitte,3 - 9 - 7 - 1 - 2
03/06/2010,PRIX DES BOIS NOIRS,Vichy,2 - 16 - 17 - 11 - 10
04/06/2010,PRIX PYTHIA,Vincennes,4 - 3 - 16 - 14 - 2
05/06/2010,PRIX DU MARAIS,Paris-Longchamp,12 - 6 - 8 - 13 - 7
06/06/2010,PRIX DES GRANDES ECURIES,Chantilly,4 - 1 - 7 - 10 - 13
07/06/2010,PRIX JEAN VICTOR,Auteuil,5 - 10 - 4 - 8 - 3
08/06/2010,PRIX DE LA CONCORDE,Paris-Longchamp,17 - 3 - 14 - 15 - 18
09/06/2010,GRAND NATIONAL DU TROT GNT,Laval,15 - 4 - 5 - 1 - 9
10/06/2010,PRIX VICHY CELESTINS,Vichy,10 - 14 - 6 - 13 - 7
11/06/2010,PRIX TITANIA,Vincennes,13 - 6 - 3 - 7 - 8
12/06/2010,PRIX DE VILLENEUVE-SUR-LOT,Vincennes,13 - 10 - 8 - 1 - 17
13/06/2010,PRIX D'ECOUEN,Chantilly,7 - 2 - 10 - 1 - 14
14/06/2010,PRIX DE COMPIEGNE,Paris-Longchamp,10 - 13 - 14 - 6 - 7
15/06/2010,PRIX DANIEL LESCALLE,Auteuil,6 - 3 - 1 - 4 - 9
16/06/2010,PRIX DE ROISSY,Chantilly,10 - 18 - 2 - 12 - 11
17/06/2010,GRAND HANDICAP SYNERGIE,Nantes,3 - 10 - 8 - 7 - 13
18/06/2010,PRIX TOLOSA,Vincennes,9 - 7 - 3 - 5 - 10
19/06/2010,PRIX HARDATIT,Auteuil,6 - 3 - 4 - 16 - 12
20/06/2010,PRIX RENE BALLIERE,Vincennes,11 - 4 - 9 - 1 - 3
21/06/2010,PRIX PIERRE COULON,Vichy,13 - 8 - 2 - 12 - 15
22/06/2010,PRIX DE CHEVRIERES,Chantilly,6 - 5 - 8 - 7 - 16
23/06/2010,GRAND NATIONAL DU TROT GNT,Reims,2 - 5 - 9 - 12 - 3
24/06/2010,PRIX CHINCO,Auteuil,13 - 8 - 7 - 5 - 1
25/06/2010,PRIX CLEMENTINA,Vincennes,10 - 1 - 4 - 9 - 18
26/06/2010,PRIX DES INVALIDES,Enghien,16 - 2 - 18 - 6 - 3
27/06/2010,PRIX D'AQUITAINE,Saint-cloud,1 - 8 - 14 - 5 - 16
28/06/2010,PRIX DIEPPE MARITIME,Dieppe,12 - 9 - 6 - 16 - 8
29/06/2010,PRIX DE L'ARTOIS,Compiegne,11 - 6 - 10 - 9 - 4
30/06/2010,PRIX DE LA FORET DE SAINT-GERMAIN,Maisons-laffitte,5 - 2 - 4 - 6 - 9
01/07/2010,PRIX DE PLAISANCE,Enghien,2 - 3 - 5 - 16 - 1
02/07/2010,PRIX NEMAUSA,Vincennes,10 - 8 - 13 - 3 - 1
03/07/2010,PRIX DE LA REINE MARGUERITE,Paris-Longchamp,8 - 4 - 13 - 5 - 7
04/07/2010,PRIX DU BOIS BOURILLON,Chantilly,2 - 6 - 10 - 14 - 5
05/07/2010,PRIX DE LA FORET DE COMPIEGNE,Compiegne,6 - 3 - 8 - 10 - 14
06/07/2010,PRIX LEOPOLD D'ORSETTI,Clairefontaine,14 - 1 - 3 - 10 - 4
07/07/2010,PRIX DE VINCENNES,Vichy,13 - 1 - 7 - 2 - 12
08/07/2010,PRIX DE LA PORTE DE CHARENTON,Enghien,15 - 4 - 17 - 3 - 18
09/07/2010,PRIX DES VALERIANES,Cabourg,2 - 8 - 14 - 15 - 7
10/07/2010,PRIX DE LA MANCHE,Enghien,3 - 4 - 2 - 11 - 1
11/07/2010,PRIX DE LA VILLE DE MAISONS-LAFFITTE,Maisons-laffitte,11 - 14 - 6 - 10 - 8
12/07/2010,PRIX DE PRECY,Chantilly,2 - 16 - 13 - 3 - 11
13/07/2010,PRIX DES SABLES-D'OLONNE,Les Sables D'olonne,4 - 2 - 6 - 13 - 1
14/07/2010,PRIX DE LA FETE NATIONALE,Paris-Longchamp,3 - 16 - 14 - 10 - 6
15/07/2010,PRIX DE L'OPERA,Enghien,6 - 1 - 4 - 11 - 2
16/07/2010,PRIX PAUL VIEL,Cabourg,15 - 12 - 1 - 16 - 10
17/07/2010,PRIX DE L'HIPPODROME DE MAISONS-LAFFITTE,Maisons-laffitte,10 - 6 - 8 - 2 - 15
18/07/2010,PRIX DU PALAIS DE CHAILLOT,Enghien,1 - 16 - 4 - 14 - 2
19/07/2010,PRIX BURGOS,Vichy,12 - 7 - 13 - 5 - 3
20/07/2010,PRIX DE LA VILLE DE VICHY,Vichy,6 - 18 - 13 - 5 - 10
21/07/2010,GRAND PRIX DE LA VILLE DE VIRE,Vire,1 - 9 - 15 - 12 - 17
22/07/2010,PRIX DE TOURY LURCY,Vichy,4 - 5 - 17 - 8 - 13
23/07/2010,GRAND PRIX DE LA VILLE DE CABOURG,Cabourg,2 - 4 - 8 - 7 - 5
24/07/2010,PRIX DE BUENOS-AIRES,Enghien,4 - 9 - 8 - 2 - 13
25/07/2010,PRIX DES CAVES DU NORD,Maisons-laffitte,8 - 7 - 15 - 13 - 18
26/07/2010,PRIX DE LA VILLE DE COMPIEGNE,Compiegne,3 - 10 - 2 - 7 - 14
27/07/2010,PRIX ALBINE,Maisons-laffitte,5 - 10 - 11 - 3 - 4
28/07/2010,PRIX DU MEDOC,Enghien,2 - 4 - 5 - 11 - 7
29/07/2010,PRIX MAGIC NIGHT,Clairefontaine,4 - 3 - 13 - 9 - 1
30/07/2010,PRIX HENRI BALLIERE,Cabourg,1 - 13 - 15 - 6 - 2
31/07/2010,PRIX DE LA BOURSE,Enghien,3 - 7 - 11 - 13 - 2
01/08/2010,PRIX DES COLLECTIVITES LOCALES,Deauville,2 - 10 - 6 - 8 - 15
02/08/2010,PRIX DU PONT DE TANCARVILLE,Clairefontaine,15 - 7 - 16 - 3 - 17
03/08/2010,PRIX DU HAVRE,Deauville,1 - 6 - 3 - 12 - 14
04/08/2010,PRIX DU PARC DES PRINCES,Enghien,5 - 4 - 10 - 2 - 13
05/08/2010,PRIX D'ALENCON,Deauville,4 - 5 - 16 - 14 - 3
06/08/2010,PRIX DU CONSEIL GENERAL,Cabourg,1 - 5 - 11 - 10 - 14
07/08/2010,PRIX GUILLAUME D'ORNANO,Clairefontaine,18 - 2 - 1 - 4 - 7
08/08/2010,PRIX DE PONT L'EVEQUE,Deauville,10 - 5 - 12 - 16 - 15
09/08/2010,PRIX DE LA COTE FLEURIE,Clairefontaine,7 - 15 - 16 - 2 - 4
10/08/2010,PRIX D'OMAHA BEACH,Deauville,6 - 2 - 15 - 4 - 1
11/08/2010,GRAND NATIONAL DU TROT,Saint-malo,4 - 8 - 9 - 1 - 5
12/08/2010,PRIX DE LA CONCORDE,Enghien,10 - 15 - 7 - 4 - 11
13/08/2010,PRIX BRUNO COQUATRIX,Cabourg,3 - 4 - 15 - 6 - 11
14/08/2010,PRIX DU JOCKEY CLUB DE HONG KONG,Deauville,7 - 13 - 8 - 1 - 3
15/08/2010,GRAND HANDICAP DE DEAUVILLE,Deauville,19 - 20 - 17 - 7 - 1
16/08/2010,GRAND PRIX DE CHATEAUBRIANT,Chateaubriant,6 - 9 - 12 - 11 - 16
17/08/2010,PRIX DICTUS,Clairefontaine,14 - 2 - 8 - 16 - 9
18/08/2010,PRIX JEAN-LUC LAGARDERE,Enghien,9 - 10 - 6 - 13 - 2
19/08/2010,PRIX CARLING,Clairefontaine,15 - 12 - 3 - 2 - 13
20/08/2010,PRIX DES CARDAMINES,Cabourg,12 - 13 - 3 - 15 - 2
21/08/2010,PRIX DE CAGNY,Deauville,7 - 2 - 10 - 12 - 17
22/08/2010,GRAND HANDICAP DE LA MANCHE,Deauville,2 - 17 - 6 - 9 - 15
23/08/2010,PRIX DE BEAUNE,Vincennes,8 - 10 - 2 - 14 - 7
24/08/2010,GRAND PRIX DE LA VILLE DE TOURGEVILLE,Clairefontaine,10 - 5 - 9 - 2 - 11
25/08/2010,PRIX DE CHATEAU DU LOIR,Vincennes,9 - 2 - 5 - 3 - 7
26/08/2010,PRIX DE LA BARBERIE,Deauville,11 - 10 - 14 - 8 - 15
27/08/2010,PRIX DES AUBRIETES,Cabourg,12 - 13 - 14 - 7 - 1
28/08/2010,PRIX DE JERSEY,Clairefontaine,11 - 14 - 3 - 5 - 1
29/08/2010,PRIX DES MONCEAUX,Deauville,3 - 6 - 4 - 10 - 5
30/08/2010,PRIX DE MORTAIN,Vincennes,7 - 15 - 5 - 12 - 9
31/08/2010,PRIX DE LA SUISSE NORMANDE,Deauville,2 - 5 - 4 - 9 - 16
01/09/2010,PRIX DE L'ORANGERIE,Paris-Longchamp,2 - 6 - 7 - 14 - 13
02/09/2010,PRIX JEAN BART,Auteuil,16 - 15 - 18 - 17 - 13
03/09/2010,PRIX LUCRETIA,Vincennes,2 - 1 - 14 - 13 - 7
04/09/2010,CRITERIUM DES 5 ANS,Vincennes,17 - 13 - 2 - 14 - 8
05/09/2010,PRIX DE LA LIGUE FRANCAISE DE PROTECTION DU CHEVAL,Paris-Longchamp,16 - 11 - 8 - 6 - 3
06/09/2010,GRAND HANDICAP DE CRAON,Craon,9 - 8 - 16 - 15 - 14
07/09/2010,PRIX DE L'EST REPUBLICAIN,Nancy,3 - 6 - 12 - 10 - 4
08/09/2010,GRAND NATIONAL DU TROT,Marseille,14 - 6 - 12 - 4 - 15
09/09/2010,PRIX MAJOR FRIDOLIN,Paris-Longchamp,16 - 1 - 12 - 10 - 15
10/09/2010,PRIX ADELINDA,Vincennes,9 - 11 - 7 - 8 - 4
11/09/2010,PRIX D'ETE,Vincennes,2 - 7 - 3 - 10 - 11
12/09/2010,PRIX DE LA MUETTE,Paris-Longchamp,3 - 5 - 13 - 11 - 10
13/09/2010,PRIX DE L'ECOUTE S'IL PLEUT,Maisons-laffitte,2 - 3 - 11 - 6 - 12
14/09/2010,PRIX DE SAINT-PAIR DU MONT,Saint-cloud,10 - 9 - 16 - 7 - 12
15/09/2010,PRIX ALAIN ET GILLES DE GOULAINE,Auteuil,11 - 2 - 1 - 12 - 18
16/09/2010,GRAND HANDICAP DU LION D'ANGERS,Lion D'angers,12 - 8 - 13 - 11 - 1
17/09/2010,PRIX OPHELIA,Vincennes,15 - 9 - 7 - 10 - 8
18/09/2010,PRIX DE LA TABLE,Paris-Longchamp,8 - 18 - 10 - 17 - 2
19/09/2010,PRIX DE NORMANDIE,Vincennes,14 - 7 - 9 - 11 - 6
20/09/2010,PRIX DE LA ROCHE POSAY,Vincennes,11 - 12 - 16 - 1 - 4
21/09/2010,PRIX DES BOUCLES DE LA SEINE,Maisons-laffitte,11 - 7 - 16 - 2 - 5
22/09/2010,PRIX DU JOURNAL LA VOIX DU NORD,Le Croisé-laroche,2 - 3 - 6 - 13 - 7
23/09/2010,PRIX BERNARD LE QUELLEC,Vincennes,8 - 14 - 15 - 2 - 12
24/09/2010,PRIX CLEOMEDE,Vincennes,11 - 6 - 12 - 15 - 9
25/09/2010,PRIX VIOLON II,Auteuil,6 - 16 - 10 - 2 - 8
26/09/2010,PRIX D'ANCENIS,Vincennes,10 - 4 - 16 - 15 - 1
27/09/2010,PRIX DU CHENE DE CRAON,Craon,9 - 4 - 7 - 15 - 10
28/09/2010,PRIX DE BEAUNE,Enghien,8 - 16 - 1 - 14 - 12
29/09/2010,GRAND NATIONAL DU TROT,Le Mont Saint-michel,12 - 2 - 17 - 6 - 18
30/09/2010,PRIX CALABRAIS,Auteuil,14 - 6 - 4 - 1 - 13
01/10/2010,PRIX AUSTRIA,Vincennes,7 - 8 - 16 - 5 - 18
02/10/2010,PRIX QATAR RACING ET EQUESTRIAN CLUB,Paris-Longchamp,6 - 13 - 7 - 1 - 15
03/10/2010,QATAR PRIX DE L'ARC DE TRIOMPHE,Paris-Longchamp,13 - 7 - 20 - 14 - 3
04/10/2010,PRIX DE SAINT-CHAMOND,Enghien,15 - 1 - 5 - 2 - 6
05/10/2010,PRIX GUILLAUME DE PRACOMTAL,Auteuil,9 - 7 - 1 - 2 - 6
06/10/2010,GRAND PRIX ANJOU-MAINE,Meslay-du-maine,6 - 10 - 7 - 3 - 12
07/10/2010,PRIX DU VAL D'OISE,Saint-cloud,5 - 16 - 7 - 11 - 18
08/10/2010,PRIX ATROPOS,Vincennes,15 - 9 - 5 - 16 - 13
09/10/2010,PRIX DU REY,Maisons-laffitte,12 - 11 - 3 - 4 - 13
10/10/2010,PRIX ANDRE ADELE,Auteuil,15 - 14 - 9 - 11 - 10
11/10/2010,PRIX DE LA VILLE DE FEURS,Feurs,3 - 8 - 12 - 9 - 5
12/10/2010,PRIX DU NABOB,Paris-Longchamp,7 - 5 - 4 - 1 - 13
13/10/2010,PRIX DE LA VALLEE DE CHEVREUSE,Maisons-laffitte,10 - 3 - 11 - 15 - 14
14/10/2010,PRIX BIRABEN,Bordeaux,11 - 12 - 6 - 3 - 5
15/10/2010,PRIX HERA,Vincennes,8 - 1 - 5 - 6 - 3
16/10/2010,PRIX PRINCE D'ECOUEN,Auteuil,8 - 6 - 3 - 14 - 12
17/10/2010,PRIX EUROPE 1,Paris-Longchamp,4 - 7 - 12 - 5 - 9
18/10/2010,PRIX DES GOBELINS,Enghien,10 - 9 - 12 - 1 - 2
19/10/2010,PRIX DES EQUIDAYS,Deauville,4 - 5 - 2 - 13 - 14
20/10/2010,GRAND NATIONAL DU TROT,Lyon,12 - 4 - 7 - 14 - 9
21/10/2010,PRIX DU PATIS,Deauville,14 - 16 - 3 - 5 - 4
22/10/2010,PRIX THEMIS,Vincennes,5 - 15 - 6 - 13 - 8
23/10/2010,PRIX D'AMIENS,Enghien,1 - 6 - 4 - 9 - 2
24/10/2010,PRIX CASTRIES,Paris-Longchamp,1 - 5 - 8 - 4 - 13
25/10/2010,PRIX DE POMAREZ,Enghien,12 - 1 - 2 - 16 - 6
26/10/2010,PRIX DU BRIONNAIS,Saint-cloud,8 - 14 - 10 - 3 - 6
27/10/2010,PRIX DE SAINT-AMAND-LES-EAUX,Enghien,17 - 7 - 18 - 14 - 13
28/10/2010,PRIX DES AUNETTES,Maisons-laffitte,4 - 1 - 15 - 11 - 16
29/10/2010,PRIX JUNO,Vincennes,15 - 17 - 1 - 16 - 14
30/10/2010,PRIX CEREALISTE,Auteuil,13 - 8 - 4 - 5 - 17
31/10/2010,PRIX DE L'AUTOROUTE DE L'OUEST,Saint-cloud,4 - 2 - 8 - 13 - 9
01/11/2010,PRIX DU CHATEAU DE MAISONS-LAFFITTE,Maisons-laffitte,4 - 8 - 11 - 3 - 14
02/11/2010,PRIX DE LA PLAINE DES SABLONS,Fontainebleau,8 - 1 - 7 - 9 - 4
03/11/2010,PRIX DE SOULAC,Vincennes,10 - 13 - 12 - 18 - 14
04/11/2010,PRIX DE DORMANS,Saint-cloud,2 - 6 - 3 - 13 - 10
05/11/2010,PRIX BARBARA,Vincennes,9 - 4 - 7 - 2 - 5
06/11/2010,PRIX CACAO,Auteuil,13 - 5 - 17 - 16 - 3
07/11/2010,PRIX COUNT SCHOMBERG,Auteuil,4 - 7 - 16 - 9 - 12
08/11/2010,PRIX D'ARCACHON,Vincennes,1 - 3 - 18 - 12 - 13
09/11/2010,PRIX DU RHIN,Saint-cloud,3 - 11 - 2 - 16 - 12
10/11/2010,GRAND NATIONAL DU TROT,Nantes,13 - 12 - 10 - 5 - 11
11/11/2010,PRIX DE LA VILLE DE TOULOUSE,Toulouse,8 - 14 - 12 - 11 - 3
12/11/2010,PRIX GEMMA,Vincennes,14 - 9 - 13 - 10 - 15
13/11/2010,PRIX DE L'ELEVAGE,Saint-cloud,4 - 11 - 10 - 2 - 15
14/11/2010,PRIX MARC ANTONY,Auteuil,12 - 14 - 11 - 6 - 8
15/11/2010,PRIX DE COLOMBES,Vincennes,9 - 5 - 10 - 1 - 7
16/11/2010,PRIX D'ANJOU,Angers,4 - 7 - 12 - 9 - 13
17/11/2010,GRAND PRIX PARIS TURF,Bordeaux,17 - 7 - 11 - 18 - 3
18/11/2010,PRIX DE BOISSY-SAINT-LEGER,Vincennes,4 - 5 - 1 - 2 - 10
19/11/2010,PRIX MIZAR,Vincennes,1 - 3 - 4 - 2 - 5
20/11/2010,PRIX DE BRETAGNE,Vincennes,18 - 9 - 15 - 12 - 1
21/11/2010,PRIX FRANCOIS DE GANAY,Auteuil,1 - 13 - 10 - 19 - 15
22/11/2010,PRIX DE MONTIGNAC-CHARENTE,Vincennes,15 - 16 - 1 - 2 - 17
23/11/2010,PRIX DU MANOIR,Saint-cloud,7 - 11 - 6 - 16 - 10
24/11/2010,GRAND NATIONAL DU TROT,Mauquenchy,13 - 10 - 8 - 12 - 2
25/11/2010,PRIX LOUIS BRUNET,Marseille,10 - 4 - 3 - 8 - 2
26/11/2010,PRIX ARIETIS,Vincennes,6 - 10 - 5 - 11 - 15
27/11/2010,PRIX DE CHENONCEAUX,Vincennes,13 - 4 - 17 - 5 - 15
28/11/2010,PRIX JEAN LAUMAIN,Auteuil,7 - 15 - 9 - 6 - 2
29/11/2010,PRIX DE SILLE LE GUILLAUME,Vincennes,9 - 15 - 10 - 3 - 1
30/11/2010,PRIX HUBERT DE CATHEU,Deauville,9 - 18 - 1 - 14 - 13
01/12/2010,PRIX DE MESLAY DU MAINE,Vincennes,11 - 1 - 8 - 3 - 6
02/12/2010,PRIX DES LANDES,Vincennes,6 - 9 - 1 - 5 - 2
03/12/2010,PRIX MERCATOR,Vincennes,6 - 9 - 10 - 4 - 3
04/12/2010,PRIX DES ALPES,Vincennes,10 - 9 - 19 - 15 - 17
05/12/2010,PRIX DE SAINT GEORGES DE DIDONNE,Vincennes,7 - 5 - 6 - 8 - 9
06/12/2010,PRIX DE L'EURE,Vincennes,18 - 16 - 4 - 9 - 11
07/12/2010,PRIX DES PYRENEES,Vincennes,15 - 8 - 12 - 6 - 18
08/12/2010,PRIX LES MATHES-LA PALMYRE,Vincennes,6 - 5 - 2 - 9 - 3
09/12/2010,PRIX DE BLOIS,Vincennes,6 - 7 - 2 - 1 - 10
10/12/2010,PRIX POMONA,Vincennes,16 - 13 - 12 - 3 - 11
11/12/2010,PRIX DU BOURBONNAIS,Vincennes,4 - 2 - 12 - 14 - 17
12/12/2010,CRITERIUM DES 3 ANS,Vincennes,14 - 11 - 8 - 10 - 12
13/12/2010,PRIX DE LA PROMENADE DES ANGLAIS,Cagnes,7 - 9 - 1 - 3 - 4
14/12/2010,PRIX DES CALCEOLAIRES,Cabourg,5 - 3 - 12 - 9 - 10
15/12/2010,PRIX DE FOS SUR MER,Vincennes,3 - 12 - 14 - 13 - 11
16/12/2010,PRIX DE VILLERS COTTERETS,Vincennes,7 - 15 - 14 - 2 - 3
17/12/2010,PRIX DE TOURCOING,Vincennes,18 - 9 - 17 - 16 - 20
18/12/2010,PRIX DE SAINT-JAMES,Vincennes,2 - 4 - 3 - 16 - 5
19/12/2010,CLOTURE DU GRAND NATIONAL DU TROT,Vincennes,13 - 12 - 6 - 4 - 3
20/12/2010,PRIX DU DIXIEME ANNIVERSAIRE FRANCE BLEU AZUR,Cagnes,13 - 16 - 2 - 12 - 8
21/12/2010,PRIX GEORGES PASTRE,Pau,4 - 11 - 8 - 15 - 6
22/12/2010,PRIX DE MARENNES-OLERON,Vincennes,13 - 18 - 17 - 11 - 9
23/12/2010,PRIX DES MUFLIERS,Cabourg,4 - 7 - 8 - 13 - 10
24/12/2010,PRIX D'AMBOISE,Vincennes,4 - 13 - 16 - 18 - 2
25/12/2010,PRIX DE STRASBOURG,Vincennes,6 - 10 - 8 - 11 - 14
26/12/2010,CRITERIUM CONTINENTAL,Vincennes,5 - 6 - 15 - 1 - 13
27/12/2010,PRIX DU MONT SAINT-MICHEL,Deauville,8 - 1 - 5 - 11 - 7
28/12/2010,PRIX DE CRAON,Vincennes,12 - 4 - 16 - 14 - 5
29/12/2010,PRIX DE LA PICARDIE,Cagnes,8 - 3 - 9 - 15 - 13
30/12/2010,PRIX DE SALVANHAC,Vincennes,11 - 17 - 4 - 12 - 10
31/12/2010,PRIX DE SAINTE-MARIE-DU-MONT,Vincennes,8 - 7 - 1 - 16 - 6
