date,race,discipline,num,id_pmu,nom,cote_pmu,tendance,music,jockey,entraineur,age,sexe,deferre,gains,nb_courses,nb_victoires,win_rate,recent_avg,recent_min,nb_recent,nb_wins_music,main_discipline,won_simple_gagnant,dividende_sg,won_simple_place
12042026,R1C1,,1,,LIBERTY LANE,4.4,=,,,KR.BURKE,6,HONGRES,,0,22,6,0.2727,0,0,0,0,,0,0,0
12042026,R1C1,,2,,MATAURI BAY,11.0,=,,,G.MOSSE (S),4,MALES,,0,8,2,0.25,0,0,0,0,,0,0,0
12042026,R1C1,,3,,CASAPUEBLO,4.3,=,,,A.FABRE (S),5,HONGRES,,0,16,3,0.1875,0,0,0,0,,0,0,0
12042026,R1C1,,4,,INVOLVEMENT,5.1,=,,,SIMON & ED CRISFORD,5,HONGRES,,0,11,3,0.2727,0,0,0,0,,0,0,0
12042026,R1C1,,5,,DIEGO VENTURA,8.9,=,,,H.AL JEHANI,4,HONGRES,,0,12,3,0.25,0,0,0,0,,0,0,0
12042026,R1C1,,6,,FRANKLY GOOD CEN,3.6,=,,,MME V.HEAD,4,MALES,,0,5,2,0.4,0,0,0,0,,0,0,0
12042026,R1C1,,7,,DIVINE CHRISNAT,21.0,=,,,CH.PLISSON (S),6,FEMELLES,,0,50,8,0.16,0,0,0,0,,0,0,0
12042026,R1C2,,1,,NARISSA,4.4,=,,,FH.GRAFFARD (S),3,FEMELLES,,0,4,1,0.25,0,0,0,0,,0,0,0
12042026,R1C2,,2,,EVOLUTIONIST,6.8,=,,,KR.BURKE,3,FEMELLES,,0,4,1,0.25,0,0,0,0,,0,0,0
12042026,R1C2,,3,,PIERCHIC,15.0,=,,,HA.PANTALL (S),3,FEMELLES,,0,4,1,0.25,0,0,0,0,,0,0,0
12042026,R1C2,,4,,ANASHKAYA,9.5,=,,,FH.GRAFFARD (S),3,FEMELLES,,0,6,2,0.3333,0,0,0,0,,0,0,0
12042026,R1C2,,5,,KENDELYA,55.0,=,,,N.CAULLERY,3,FEMELLES,,0,4,1,0.25,0,0,0,0,,0,0,0
12042026,R1C2,,6,,CERAMIC,16.0,=,,,CHR.HEAD (S),3,FEMELLES,,0,7,1,0.1429,0,0,0,0,,0,0,0
12042026,R1C2,,7,,GREEN SPIRIT,1.8,=,,,CHR.HEAD (S),3,FEMELLES,,0,5,4,0.8,0,0,0,0,,0,0,0
12042026,R1C3,,1,,ZULU WARRIOR,9.9,=,,,MME A.FABRE,6,HONGRES,,0,26,5,0.1923,0,0,0,0,,0,0,0
12042026,R1C3,,2,,KARLA JET,8.1,=,,,C&Y.LERNER (S),4,FEMELLES,,0,4,2,0.5,0,0,0,0,,0,0,0
12042026,R1C3,,3,,DONE DEAL,19.0,=,,,A.SUBORICS,5,MALES,,0,13,2,0.1538,0,0,0,0,,0,0,0
12042026,R1C3,,4,,GERARD TER BORCH,7.8,=,,,M.DELZANGLES,4,HONGRES,,0,10,2,0.2,0,0,0,0,,0,0,0
12042026,R1C3,,5,,DON'T SHUT ME DOWN,6.4,=,,,P&J.BRANDT (S),4,HONGRES,,0,11,2,0.1818,0,0,0,0,,0,0,0
12042026,R1C3,,6,,SEONA,9.2,=,,,FR.MONFORT (S),4,FEMELLES,,0,17,2,0.1176,0,0,0,0,,0,0,0
12042026,R1C3,,7,,FIUMICCINO,28.0,=,,,D.COTTIN (S),4,HONGRES,,0,15,3,0.2,0,0,0,0,,0,0,0
12042026,R1C3,,8,,MARINALEDA,7.9,=,,,M.BARATTI (S),4,FEMELLES,,0,7,1,0.1429,0,0,0,0,,0,0,0
12042026,R1C3,,9,,MOST GLAMOROUS,8.8,=,,,CLEMENT & HERMANS (S),4,FEMELLES,,0,8,2,0.25,0,0,0,0,,0,0,0
12042026,R1C3,,10,,REMBRAND TO GO,10.0,=,,,M.RULEC (S),4,MALES,,0,8,1,0.125,0,0,0,0,,0,0,0
12042026,R1C3,,11,,SHRIHARA,17.0,=,,,C.FEY (S),4,FEMELLES,,0,9,2,0.2222,0,0,0,0,,0,0,0
12042026,R1C3,,12,,LINFASOMMER,28.0,=,,,M.PITART,6,FEMELLES,,0,44,6,0.1364,0,0,0,0,,0,0,0
12042026,R1C3,,13,,ZILRAK,20.0,=,,,BUTEL & BEAUNEZ (S),6,HONGRES,,0,40,4,0.1,0,0,0,0,,0,0,0
12042026,R1C3,,14,,KENCHAK,21.0,=,,,A.FOUASSIER,4,HONGRES,,0,12,2,0.1667,0,0,0,0,,0,0,0
12042026,R1C3,,15,,PINK MONDAY,53.0,=,,,MME E.CURY,4,HONGRES,,0,10,3,0.3,0,0,0,0,,0,0,0
12042026,R1C3,,16,,DEMPY,19.0,=,,,D.BONILLA (S),5,HONGRES,,0,21,2,0.0952,0,0,0,0,,0,0,0
12042026,R1C4,,1,,TALMAS,19.0,=,,,HA.PANTALL (S),3,MALES,,0,3,1,0.3333,0,0,0,0,,0,0,0
12042026,R1C4,,2,,DORZAL,51.0,=,,,D.TOROK,3,MALES,,0,2,1,0.5,0,0,0,0,,0,0,0
12042026,R1C4,,3,,CAMPACITE,4.7,=,,,JC.ROUGET (S),3,MALES,,0,6,3,0.5,0,0,0,0,,0,0,0
12042026,R1C4,,4,,KOMOREBI,6.1,=,,,A.FABRE (S),3,MALES,,0,4,2,0.5,0,0,0,0,,0,0,0
12042026,R1C4,,5,,LYNEHAM,11.0,=,,,C.FERLAND (S),3,MALES,,0,2,2,1.0,0,0,0,0,,0,0,0
12042026,R1C4,,6,,REGAL RESOLVE,9.2,=,,,FH.GRAFFARD (S),3,MALES,,0,3,2,0.6667,0,0,0,0,,0,0,0
12042026,R1C4,,7,,ELASTIC,5.7,=,,,C.FERLAND (S),3,MALES,,0,4,2,0.5,0,0,0,0,,0,0,0
12042026,R1C4,,8,,NIGHTTIME,2.8,=,,,CHR.HEAD (S),3,MALES,,0,5,3,0.6,0,0,0,0,,0,0,0
12042026,R1C5,,1,,MIRIK,6.0,=,,,FH.GRAFFARD (S),3,MALES,,0,5,2,0.4,0,0,0,0,,0,0,0
12042026,R1C5,,2,,SPACE WALTZ,12.0,=,,,A.FABRE (S),3,MALES,,0,3,1,0.3333,0,0,0,0,,0,0,0
12042026,R1C5,,3,,MONTSECRET,16.0,=,,,M.BARATTI (S),3,MALES,,0,3,1,0.3333,0,0,0,0,,0,0,0
12042026,R1C5,,4,,POWAI,14.0,=,,,A.FABRE (S),3,MALES,,0,3,2,0.6667,0,0,0,0,,0,0,0
12042026,R1C5,,5,,SAINT MARTIN,11.0,=,,,C.ESCUDER,3,MALES,,0,6,3,0.5,0,0,0,0,,0,0,0
12042026,R1C5,,6,,PEARLED MAJESTY,7.2,=,,,M.DELCHER SANCHEZ,3,MALES,,0,4,2,0.5,0,0,0,0,,0,0,0
12042026,R1C5,,7,,HARDY WARRIOR,2.7,=,,,JP.O'BRIEN,3,MALES,,0,5,2,0.4,0,0,0,0,,0,0,0
12042026,R1C5,,8,,WAYBREAKER,26.0,=,,,FH.GRAFFARD (S),3,MALES,,0,5,2,0.4,0,0,0,0,,0,0,0
12042026,R1C5,,9,,ZARAMIX,17.0,=,,,P&J.BRANDT (S),3,MALES,,0,2,1,0.5,0,0,0,0,,0,0,0
12042026,R1C6,,1,,BIRR CASTLE,14.0,=,,,A.FABRE (S),6,HONGRES,,0,24,5,0.2083,0,0,0,0,,0,0,0
12042026,R1C6,,2,,MARQUISAT,4.0,=,,,A.FABRE (S),6,HONGRES,,0,12,5,0.4167,0,0,0,0,,0,0,0
12042026,R1C6,,3,,GOLDEN CALL,25.0,=,,,HA.PANTALL (S),7,HONGRES,,0,38,11,0.2895,0,0,0,0,,0,0,0
12042026,R1C6,,4,,ARABIAN FORCE,4.5,=,,,WJ.HAGGAS,4,MALES,,0,7,2,0.2857,0,0,0,0,,0,0,0
12042026,R1C6,,5,,DARING PRINCE,9.9,=,,,S.WATTEL (S),5,MALES,,0,16,4,0.25,0,0,0,0,,0,0,0
12042026,R1C6,,6,,ZARRAF,27.0,=,,,MME A.KARKOSA,4,MALES,,0,8,1,0.125,0,0,0,0,,0,0,0
12042026,R1C6,,7,,MAP OF STARS,2.5,=,,,FH.GRAFFARD (S),5,HONGRES,,0,10,5,0.5,0,0,0,0,,0,0,0
12042026,R1C6,,8,,AVIDE,14.0,=,,,A.FABRE (S),4,HONGRES,,0,4,1,0.25,0,0,0,0,,0,0,0
12042026,R1C7,,1,,WARAMINI,6.1,=,,,C&Y.LERNER (S),3,FEMELLES,,0,6,1,0.1667,0,0,0,0,,0,0,0
12042026,R1C7,,2,,THE TINKER,22.0,=,,,P&J.BRANDT (S),3,MALES,,0,5,1,0.2,0,0,0,0,,0,0,0
12042026,R1C7,,3,,JOUR DE COEUR,36.0,=,,,CLEMENT & HERMANS (S),3,FEMELLES,,0,4,1,0.25,0,0,0,0,,0,0,0
12042026,R1C7,,4,,SUGARCANE,61.0,=,,,M.PITART,3,FEMELLES,,0,4,1,0.25,0,0,0,0,,0,0,0
12042026,R1C7,,5,,HOWITZER,7.6,=,,,H.GHABRI,3,MALES,,0,4,1,0.25,0,0,0,0,,0,0,0
12042026,R1C7,,6,,MENACANT,13.0,=,,,N.LE ROCH,3,MALES,,0,4,1,0.25,0,0,0,0,,0,0,0
12042026,R1C7,,7,,FATA MORGANA,11.0,=,,,F.BRESSON (S),3,FEMELLES,,0,4,1,0.25,0,0,0,0,,0,0,0
12042026,R1C7,,8,,BAYRAMOVA,4.0,=,,,M.DELZANGLES,3,FEMELLES,,0,3,0,0.0,0,0,0,0,,0,0,0
12042026,R1C7,,9,,REMENBER CHOPE,26.0,=,,,G.PANNIER,3,FEMELLES,,0,16,3,0.1875,0,0,0,0,,0,0,0
12042026,R1C7,,10,,DELIRE D'AMOUR,13.0,=,,,Y.BONNEFOY (S),3,FEMELLES,,0,23,1,0.0435,0,0,0,0,,0,0,0
12042026,R1C7,,11,,SPACE GOOD,21.0,=,,,C.ESCUDER,3,HONGRES,,0,5,1,0.2,0,0,0,0,,0,0,0
12042026,R1C7,,12,,ROSKIVA FAL,19.0,=,,,L.PONTOIR (S),3,FEMELLES,,0,6,0,0.0,0,0,0,0,,0,0,0
12042026,R1C7,,13,,PASANG,12.0,=,,,C.FERLAND (S),3,FEMELLES,,0,5,0,0.0,0,0,0,0,,0,0,0
12042026,R1C7,,14,,GOLDEN MAZEL,44.0,=,,,F.CHAPPET (S),3,HONGRES,,0,3,0,0.0,0,0,0,0,,0,0,0
12042026,R1C7,,15,,PARVAGE,0.0,=,,,Y.BARBEROT (S),3,MALES,,0,4,0,0.0,0,0,0,0,,0,0,0
12042026,R1C7,,16,,MARASI DRIVE,17.0,=,,,F.CHAPPET (S),3,HONGRES,,0,3,0,0.0,0,0,0,0,,0,0,0
12042026,R1C8,,1,,SHEEMA'S ROSE,27.0,=,,,G.NAKOUZI,5,FEMELLES,,0,24,2,0.0833,0,0,0,0,,0,0,0
12042026,R1C8,,2,,DICX,22.0,=,,,A.FOUASSIER,5,HONGRES,,0,3,1,0.3333,0,0,0,0,,0,0,0
12042026,R1C8,,3,,ROULETTE,5.5,=,,,CLEMENT & HERMANS (S),4,HONGRES,,0,12,2,0.1667,0,0,0,0,,0,0,0
12042026,R1C8,,4,,ERLING,21.0,=,,,G.BATISTIC,4,MALES,,0,8,1,0.125,0,0,0,0,,0,0,0
12042026,R1C8,,5,,CLICCLIC PANPANPAN,12.0,=,,,D.ARTU (S),6,FEMELLES,,0,38,5,0.1316,0,0,0,0,,0,0,0
12042026,R1C8,,6,,SHALOHA,8.8,=,,,G.NICOT,5,FEMELLES,,0,28,4,0.1429,0,0,0,0,,0,0,0
12042026,R1C8,,7,,ATHINEOS,33.0,=,,,JESUS,7,HONGRES,,0,48,6,0.125,0,0,0,0,,0,0,0
12042026,R1C8,,8,,LADY MADELEINE,7.7,=,,,C&Y.LERNER (S),4,FEMELLES,,0,4,0,0.0,0,0,0,0,,0,0,0
12042026,R1C8,,9,,BRIONA,15.0,=,,,P.ADDA (S),5,FEMELLES,,0,29,4,0.1379,0,0,0,0,,0,0,0
12042026,R1C8,,10,,LOLLIPOP DES PINS,19.0,=,,,B.AUDOUIN (S),5,FEMELLES,,0,20,3,0.15,0,0,0,0,,0,0,0
12042026,R1C8,,11,,JAYCLE DE GREE,6.6,=,,,B.AUDOUIN (S),5,HONGRES,,0,10,2,0.2,0,0,0,0,,0,0,0
12042026,R1C8,,12,,MARTIAL ART,10.0,=,,,D&P.PROD'HOMME (S),7,HONGRES,,0,46,3,0.0652,0,0,0,0,,0,0,0
12042026,R1C8,,13,,BEAUTIFUL MEMORY,35.0,=,,,C&G.HUE & TAUPIN (S),6,FEMELLES,,0,35,4,0.1143,0,0,0,0,,0,0,0
12042026,R1C8,,14,,LUCY GALESTE,8.6,=,,,H.GHABRI,5,FEMELLES,,0,29,2,0.069,0,0,0,0,,0,0,0
12042026,R2C7,,1,,FLYING FORTUNE,0.0,=,,,MO W.K.,5,HONGRES,,0,3,0,0.0,0,0,0,0,,-1,-1,-1
12042026,R2C7,,2,,RUN RUN SMART,0.0,=,,,LOR F.C.,4,HONGRES,,0,18,2,0.1111,0,0,0,0,,-1,-1,-1
12042026,R2C7,,3,,FORZA TORO,0.0,=,,,FOWNES C.,4,HONGRES,,0,8,0,0.0,0,0,0,0,,-1,-1,-1
12042026,R2C7,,4,,MASTER PHOENIX,0.0,=,,,EUSTACE D.,6,HONGRES,,0,12,1,0.0833,0,0,0,0,,-1,-1,-1
12042026,R2C7,,5,,STAR SATYR,0.0,=,,,CRUZ A.S.,5,HONGRES,,0,15,1,0.0667,0,0,0,0,,-1,-1,-1
12042026,R2C7,,6,,FUN TOGETHER,0.0,=,,,CHANG C.W.,8,HONGRES,,0,35,5,0.1429,0,0,0,0,,-1,-1,-1
12042026,R2C7,,7,,PRESIDENT PEGASUS,0.0,=,,,SHUM C.S.,3,HONGRES,,0,0,0,0,0,0,0,0,,-1,-1,-1
12042026,R2C7,,8,,LUCKY GIBS,0.0,=,,,MAN K.L.,4,HONGRES,,0,2,0,0.0,0,0,0,0,,-1,-1,-1
12042026,R2C7,,9,,SHOTGUN,0.0,=,,,HALL D.J.,5,HONGRES,,0,15,2,0.1333,0,0,0,0,,-1,-1,-1
12042026,R2C7,,10,,SUPER DRAGON,0.0,=,,,NEWNHAM M.,4,HONGRES,,0,4,0,0.0,0,0,0,0,,-1,-1,-1
12042026,R2C7,,11,,JUST FOLLOW ME,0.0,=,,,CRAWFORD B.,4,HONGRES,,0,7,0,0.0,0,0,0,0,,-1,-1,-1
12042026,R2C7,,12,,LUCKY SECRET,0.0,=,,,HAYES D.A.,4,HONGRES,,0,4,0,0.0,0,0,0,0,,-1,-1,-1
12042026,R2C7,,13,,ALABAMA SONG,0.0,=,,,SIZE J.,4,HONGRES,,0,13,1,0.0769,0,0,0,0,,-1,-1,-1
12042026,R2C7,,14,,WAVE GARDEN,0.0,=,,,TING K.H.,6,HONGRES,,0,11,0,0.0,0,0,0,0,,-1,-1,-1
12042026,R2C8,,1,,MISTER DAPPER,13.0,=,,,EUSTACE D.,7,HONGRES,,0,29,5,0.1724,0,0,0,0,,-1,-1,-1
12042026,R2C8,,2,,PRESTIGE GOOD,13.0,=,,,YIU P.F.,6,HONGRES,,0,17,2,0.1176,0,0,0,0,,-1,-1,-1
12042026,R2C8,,3,,WINDLORD,83.0,=,,,MO W.K.,4,HONGRES,,0,4,0,0.0,0,0,0,0,,-1,-1,-1
12042026,R2C8,,4,,ENDUED,2.9,=,,,SIZE J.,5,HONGRES,,0,19,3,0.1579,0,0,0,0,,-1,-1,-1
12042026,R2C8,,5,,FLYING LUCK,5.6,=,,,FOWNES C.,6,HONGRES,,0,16,3,0.1875,0,0,0,0,,-1,-1,-1
12042026,R2C8,,6,,SHANWAH,96.0,=,,,WHYTE D.J.,5,HONGRES,,0,6,0,0.0,0,0,0,0,,-1,-1,-1
12042026,R2C8,,7,,AMAZING PARTNERS,5.5,=,,,LUI K.W.,5,HONGRES,,0,5,2,0.4,0,0,0,0,,-1,-1,-1
12042026,R2C8,,8,,HAPPY TERCENTENARY,162.0,=,,,WHYTE D.J.,4,HONGRES,,0,2,0,0.0,0,0,0,0,,-1,-1,-1
12042026,R2C8,,9,,HYMNBOOK,28.0,=,,,CRAWFORD B.,4,MALES,,0,2,0,0.0,0,0,0,0,,-1,-1,-1
12042026,R2C8,,10,,LEGEND WINNER,24.0,=,,,NEWNHAM M.,5,HONGRES,,0,5,0,0.0,0,0,0,0,,-1,-1,-1
12042026,R2C8,,11,,RISING PHOENIX,7.5,=,,,HALL D.J.,5,HONGRES,,0,14,2,0.1429,0,0,0,0,,-1,-1,-1
12042026,R2C8,,12,,WITHALLMYFAITH,8.6,=,,,HAYES D.A.,6,HONGRES,,0,13,0,0.0,0,0,0,0,,-1,-1,-1
12042026,R2C9,,1,,ENDEARED,6.6,=,,,SIZE J.,6,HONGRES,,0,41,4,0.0976,0,0,0,0,,-1,-1,-1
12042026,R2C9,,2,,HEAVING,17.0,=,,,EUSTACE D.,5,HONGRES,,0,5,0,0.0,0,0,0,0,,-1,-1,-1
12042026,R2C9,,3,,CHARMING LEGEND,6.5,=,,,FOWNES C.,6,HONGRES,,0,10,1,0.1,0,0,0,0,,-1,-1,-1
12042026,R2C9,,4,,OUTGATE,19.0,=,,,CRUZ A.S.,7,HONGRES,,0,38,4,0.1053,0,0,0,0,,-1,-1,-1
12042026,R2C9,,5,,ALL'S WELL,6.5,=,,,YIP C.H.,5,HONGRES,,0,11,2,0.1818,0,0,0,0,,-1,-1,-1
12042026,R2C9,,6,,COMPLETE UNKNOWN,77.0,=,,,MO W.K.,4,HONGRES,,0,1,0,0.0,0,0,0,0,,-1,-1,-1
12042026,R2C9,,7,,FORTUNE LINK,17.0,=,,,YIU P.F.,5,HONGRES,,0,0,0,0,0,0,0,0,,-1,-1,-1
12042026,R2C9,,8,,GHORGAN,3.3,=,,,MAN K.L.,5,HONGRES,,0,12,0,0.0,0,0,0,0,,-1,-1,-1
12042026,R2C9,,9,,PRAY FOR JUSTICE,10.0,=,,,EUSTACE D.,5,HONGRES,,0,1,0,0.0,0,0,0,0,,-1,-1,-1
12042026,R2C9,,10,,FLASH CURRENT,28.0,=,,,TING K.H.,6,HONGRES,,0,13,2,0.1538,0,0,0,0,,-1,-1,-1
12042026,R2C9,,11,,POSITIVE SMILE,11.0,=,,,HAYES D.A.,6,HONGRES,,0,18,2,0.1111,0,0,0,0,,-1,-1,-1
12042026,R2C9,,12,,REFUSETOBEENGLISH,17.0,=,,,NG P.C.,5,HONGRES,,0,9,0,0.0,0,0,0,0,,-1,-1,-1
12042026,R2C10,,1,,CROSSBORDERPEGASUS,3.9,=,,,SIZE J.,5,HONGRES,,0,6,3,0.5,0,0,0,0,,-1,-1,-1
12042026,R2C10,,2,,SMART GOLF,4.5,=,,,LOR F.C.,5,HONGRES,,0,5,3,0.6,0,0,0,0,,-1,-1,-1
12042026,R2C10,,3,,YOUNG EMPEROR,26.0,=,,,EUSTACE D.,5,HONGRES,,0,10,2,0.2,0,0,0,0,,-1,-1,-1
12042026,R2C10,,4,,JUMBO TREASURE,10.0,=,,,MO W.K.,6,HONGRES,,0,12,3,0.25,0,0,0,0,,-1,-1,-1
12042026,R2C10,,5,,CHILL BUDDY,6.5,=,,,YIU P.F.,5,HONGRES,,0,8,1,0.125,0,0,0,0,,-1,-1,-1
12042026,R2C10,,6,,TURQUOISE VELOCITY,11.0,=,,,LUI K.W.,5,HONGRES,,0,4,3,0.75,0,0,0,0,,-1,-1,-1
12042026,R2C10,,7,,THE UNIQUE STAR,52.0,=,,,CRAWFORD B.,5,HONGRES,,0,3,0,0.0,0,0,0,0,,-1,-1,-1
12042026,R2C10,,8,,MASTER OF ALL,136.0,=,,,SO W.Y.,7,HONGRES,,0,29,5,0.1724,0,0,0,0,,-1,-1,-1
12042026,R2C10,,9,,NEW FUTURE FOLKS,35.0,=,,,CHANG C.W.,6,HONGRES,,0,18,2,0.1111,0,0,0,0,,-1,-1,-1
12042026,R2C10,,10,,QUANTUM LEGEND,2.4,=,,,NEWNHAM M.,4,HONGRES,,0,0,0,0,0,0,0,0,,-1,-1,-1
12042026,R2C10,,11,,MY MARS,29.0,=,,,HAYES D.A.,3,HONGRES,,0,0,0,0,0,0,0,0,,-1,-1,-1
12042026,R2C10,,12,,YEE CHEONG GLORY,12.0,=,,,RICHARDS J.,6,HONGRES,,0,9,2,0.2222,0,0,0,0,,-1,-1,-1
12042026,R3C1,,1,,CHIEFLAND,3.3,=,,,HENK GREWE,3,MALES,,0,1,1,1.0,0,0,0,0,,0,0,0
12042026,R3C1,,2,,DALYAN,4.9,=,,,HENK GREWE,3,MALES,,0,4,1,0.25,0,0,0,0,,0,0,0
12042026,R3C1,,3,,GUEVARA,5.8,=,,,PETER SCHIERGEN,3,MALES,,0,2,1,0.5,0,0,0,0,,0,0,0
12042026,R3C1,,4,,MYSTIC CHARLY,2.2,=,,,ANDREAS WOEHLER,3,MALES,,0,1,1,1.0,0,0,0,0,,0,0,0
12042026,R3C1,,5,,TAILWIND,18.0,=,,,ANDREAS SUBORICS,3,MALES,,0,2,0,0.0,0,0,0,0,,0,0,0
12042026,R3C2,,1,,ROGUE IDENTITY,4.3,=,,,CHRISTIAN VON DER RECKE,4,HONGRES,,0,7,0,0.0,0,0,0,0,,0,0,0
12042026,R3C2,,2,,BRAVE LION,11.0,=,,,ANDREAS WOEHLER,4,MALES,,0,1,0,0.0,0,0,0,0,,0,0,0
12042026,R3C2,,3,,MONOPOLI,18.0,=,,,SARAH WEIS,4,HONGRES,,0,1,0,0.0,0,0,0,0,,0,0,0
12042026,R3C2,,4,,POGI,5.5,=,,,ANDREAS WOEHLER,4,MALES,,0,1,0,0.0,0,0,0,0,,0,0,0
12042026,R3C2,,5,,QUANTEZ,14.0,=,,,DR.ANDREAS BOLTE,4,HONGRES,,0,0,0,0,0,0,0,0,,0,0,0
12042026,R3C2,,6,,STYLO,10.0,=,,,KATJA GERNREICH,4,MALES,,0,2,0,0.0,0,0,0,0,,0,0,0
12042026,R3C2,,7,,QUE BELLA,4.5,=,,,ANDREAS SUBORICS,4,FEMELLES,,0,10,0,0.0,0,0,0,0,,0,0,0
12042026,R3C2,,8,,DAMARA,4.8,=,,,MAXIM PECHEUR,4,FEMELLES,,0,5,0,0.0,0,0,0,0,,0,0,0
12042026,R3C2,,9,,UNIVERSAL DREAM,39.0,=,,,SARAH WEIS,4,FEMELLES,,0,1,0,0.0,0,0,0,0,,0,0,0
12042026,R3C3,,1,,MORINDOO,2.9,=,,,AXEL KLEINKORRES,5,FEMELLES,,0,22,2,0.0909,0,0,0,0,,0,0,0
12042026,R3C3,,2,,DARLING JAY,7.8,=,,,KATJA GERNREICH,6,HONGRES,,0,36,3,0.0833,0,0,0,0,,0,0,0
12042026,R3C3,,3,,TERESA MENDOZA,18.0,=,,,HANS BLUME,5,FEMELLES,,0,23,1,0.0435,0,0,0,0,,0,0,0
12042026,R3C3,,4,,BERRYGATE,15.0,=,,,TIM HENDRIKS/NIEDERLANDE,5,FEMELLES,,0,18,0,0.0,0,0,0,0,,0,0,0
12042026,R3C3,,5,,IRELAND ALEXANDER,6.1,=,,,JAN KORPAS,6,FEMELLES,,0,39,6,0.1538,0,0,0,0,,0,0,0
12042026,R3C3,,6,,ABBA'S ANTON,22.0,=,,,ARMIN WEIDLER,4,HONGRES,,0,13,1,0.0769,0,0,0,0,,0,0,0
12042026,R3C3,,7,,LATERANI,20.0,=,,,JANINE BECKMANN,8,FEMELLES,,0,57,3,0.0526,0,0,0,0,,0,0,0
12042026,R3C3,,8,,EPICURIAN LAD,3.6,=,,,ROMY VAN DER MEULEN/NIEDERLANDE,4,HONGRES,,0,11,0,0.0,0,0,0,0,,0,0,0
12042026,R3C3,,9,,NARIELLA,34.0,=,,,ERIKA MAEDER,5,FEMELLES,,0,4,0,0.0,0,0,0,0,,0,0,0
12042026,R3C3,,10,,CHARLIE BROWN,13.0,=,,,SILKE BRUEGGEMANN,8,HONGRES,,0,43,3,0.0698,0,0,0,0,,0,0,0
12042026,R3C4,,1,,LION HUNTER,3.3,=,,,PETER G.M.VERBERKT/NIEDERLANDE,8,HONGRES,,0,44,8,0.1818,0,0,0,0,,0,0,0
12042026,R3C4,,2,,MY UNIVERSE,7.8,=,,,BOHUMIL NEDOROSTEK,4,MALES,,0,9,1,0.1111,0,0,0,0,,0,0,0
12042026,R3C4,,3,,PIED BLANC,7.4,=,,,YASMIN ALMENRAEDER,3,MALES,,0,4,0,0.0,0,0,0,0,,0,0,0
12042026,R3C4,,4,,APOCALYX,10.0,=,,,HUGO ANTON PEETERS/NIEDERLANDE,5,HONGRES,,0,15,1,0.0667,0,0,0,0,,0,0,0
12042026,R3C4,,5,,LA FLEUR DE PIERRE,26.0,=,,,KATJA GERNREICH,4,FEMELLES,,0,5,0,0.0,0,0,0,0,,0,0,0
12042026,R3C4,,6,,JUANITA,10.0,=,,,JOHN SMITH,7,FEMELLES,,0,46,7,0.1522,0,0,0,0,,0,0,0
12042026,R3C4,,7,,REX CARVER,20.0,=,,,CAROLINE PIETSCH,4,HONGRES,,0,22,1,0.0455,0,0,0,0,,0,0,0
12042026,R3C4,,8,,MASIBA,8.6,=,,,STEFANIE KOYUNCU,4,FEMELLES,,0,4,0,0.0,0,0,0,0,,0,0,0
12042026,R3C4,,9,,WHYWHYWHY DELILAH,2.8,=,,,KATJA GERNREICH,4,FEMELLES,,0,19,2,0.1053,0,0,0,0,,0,0,0
12042026,R3C5,,1,,NEXT MINE,6.5,=,,,WALDEMAR HICKST,4,MALES,,0,8,2,0.25,0,0,0,0,,0,0,0
12042026,R3C5,,2,,BEST LIGHTNING,5.4,=,,,ANDREAS SUBORICS,8,MALES,,0,43,9,0.2093,0,0,0,0,,0,0,0
12042026,R3C5,,3,,AIGLE VAILLANT,25.0,=,,,LUBOS URBANEK,7,MALES,,0,30,6,0.2,0,0,0,0,,0,0,0
12042026,R3C5,,4,,ICE MAX,3.0,=,,,KARL RICHARD BURKE,5,HONGRES,,0,19,7,0.3684,0,0,0,0,,0,0,0
12042026,R3C5,,5,,NEW EMERALD,19.0,=,,,MARCEL WEISS,5,HONGRES,,0,12,2,0.1667,0,0,0,0,,0,0,0
12042026,R3C5,,6,,SWITSCH,17.0,=,,,ANDREAS WOEHLER,6,MALES,,0,14,6,0.4286,0,0,0,0,,0,0,0
12042026,R3C5,,7,,UTHRED,4.4,=,,,PHILIPPE DECOUZ/FRANKREICH,4,HONGRES,,0,6,3,0.5,0,0,0,0,,0,0,0
12042026,R3C5,,8,,COLIN THE BRAVE,7.7,=,,,HENRI-ALEX PANTALL/FRANKREICH,4,HONGRES,,0,9,3,0.3333,0,0,0,0,,0,0,0
12042026,R4C1,,1,,IBIS DU LYS,24.0,=,,,P. HERGNO,8,HONGRES,,0,69,5,0.0725,0,0,0,0,,0,0,0
12042026,R4C1,,2,,INTENSE ACE,99.0,=,,,F. CRUAUD,8,FEMELLES,,0,61,6,0.0984,0,0,0,0,,0,0,0
12042026,R4C1,,3,,HEROINE DE TALA,9.5,=,,,A. DEMISSY,9,FEMELLES,DEFERRE_ANTERIEURS,0,91,1,0.011,0,0,0,0,,0,0,0
12042026,R4C1,,4,,HE MISS DEIHA,5.8,=,,,L. CHARBONNEL,9,FEMELLES,PROTEGE_ANTERIEURS,0,25,5,0.2,0,0,0,0,,0,0,0
12042026,R4C1,,5,,HAUGAIN,13.0,=,,,C. MAROLLEAU,9,HONGRES,DEFERRE_ANTERIEURS_POSTERIEURS,0,71,6,0.0845,0,0,0,0,,0,0,0
12042026,R4C1,,6,,HERMINE SIMARDIERE,25.0,=,,,C. MAROLLEAU,9,FEMELLES,DEFERRE_ANTERIEURS_POSTERIEURS,0,94,1,0.0106,0,0,0,0,,0,0,0
12042026,R4C1,,7,,ILLUSTRE BLUE,11.0,=,,,D. GAUDIN,8,HONGRES,PROTEGE_ANTERIEURS,0,74,6,0.0811,0,0,0,0,,0,0,0
12042026,R4C1,,8,,HEAR DESTIN,48.0,=,,,B. OLICARD,9,HONGRES,,0,52,4,0.0769,0,0,0,0,,0,0,0
12042026,R4C1,,9,,HANNAH DU BERYL,102.0,=,,,CH. SORIEUX,9,FEMELLES,,0,93,1,0.0108,0,0,0,0,,0,0,0
12042026,R4C1,,10,,JOBIC KERGWEN,36.0,=,,,S. GUEN,7,HONGRES,,0,57,3,0.0526,0,0,0,0,,0,0,0
12042026,R4C1,,11,,JOLYA DE POMMERAYE,114.0,=,,,F. HEON,7,FEMELLES,,0,55,1,0.0182,0,0,0,0,,0,0,0
12042026,R4C1,,12,,IRIS D'AVIGNERE,6.6,=,,,E. LAMY,8,HONGRES,,0,85,1,0.0118,0,0,0,0,,0,0,0
12042026,R4C1,,13,,INDIGO SIMARDIERE,37.0,=,,,D. BETHOUART,8,HONGRES,DEFERRE_ANTERIEURS_POSTERIEURS,0,70,2,0.0286,0,0,0,0,,0,0,0
12042026,R4C1,,14,,JOKER GES,2.5,=,,,S. MARMION,7,HONGRES,DEFERRE_POSTERIEURS,0,54,2,0.037,0,0,0,0,,0,0,0
12042026,R4C2,,1,,NANA DU MESNIL,63.0,=,,,L. CHARBONNEL,3,FEMELLES,,0,0,0,0,0,0,0,0,,0,0,0
12042026,R4C2,,2,,NEW ORLEANS WIND,3.3,=,,,J.PH. MONCLIN,3,FEMELLES,PROTEGE_ANTERIEURS,0,0,0,0,0,0,0,0,,0,0,0
12042026,R4C2,,3,,NISKA DES ARRIS,9.0,=,,,V. LEBARQUE,3,FEMELLES,,0,0,0,0,0,0,0,0,,0,0,0
12042026,R4C2,,4,,NEMESIS JULMA,21.0,=,,,Sté. Ent. Grégory THOREL,3,FEMELLES,,0,1,0,0.0,0,0,0,0,,0,0,0
12042026,R4C2,,5,,NEREIDE SIBEY,8.9,=,,,J.M. BAUDOUIN,3,FEMELLES,,0,2,0,0.0,0,0,0,0,,0,0,0
12042026,R4C2,,6,,NANILLE DES APRES,36.0,=,,,O. POTIER,3,FEMELLES,,0,4,0,0.0,0,0,0,0,,0,0,0
12042026,R4C2,,7,,NACARA BELLA,6.6,=,,,J. ROBERT,3,FEMELLES,PROTEGE_ANTERIEURS_POSTERIEURS,0,1,1,1.0,0,0,0,0,,0,0,0
12042026,R4C2,,8,,NUITEE D'AMOUR,7.7,=,,,A. THOMAS,3,FEMELLES,,0,2,0,0.0,0,0,0,0,,0,0,0
12042026,R4C2,,9,,NOTRE HISTOIRE,3.6,=,,,Sté. Ent. Etienne DUBOIS,3,FEMELLES,PROTEGE_ANTERIEURS,0,3,0,0.0,0,0,0,0,,0,0,0
12042026,R4C3,,1,,MAGIC GARLINOIS,49.0,=,,,A. THOMAS,4,HONGRES,,0,6,1,0.1667,0,0,0,0,,0,0,0
12042026,R4C3,,2,,MAT DES CHARRONS,21.0,=,,,M. BARRE,4,HONGRES,DEFERRE_ANTERIEURS_POSTERIEURS,0,8,1,0.125,0,0,0,0,,0,0,0
12042026,R4C3,,3,,MAGICIO BELLO,3.9,=,,,J.P. MARMION,4,HONGRES,DEFERRE_POSTERIEURS,0,3,0,0.0,0,0,0,0,,0,0,0
12042026,R4C3,,4,,MISTRAL D'HERMES,2.4,=,,,J.PH. MONCLIN,4,HONGRES,DEFERRE_ANTERIEURS_POSTERIEURS,0,4,1,0.25,0,0,0,0,,0,0,0
12042026,R4C3,,5,,MOMO DE MIENNAIS,52.0,=,,,CL.Y. FOUGERES,4,MALES,,0,10,1,0.1,0,0,0,0,,0,0,0
12042026,R4C3,,6,,MAGICIEN LUDOIS,13.0,=,,,S. BOURLIER,4,MALES,DEFERRE_POSTERIEURS,0,5,1,0.2,0,0,0,0,,0,0,0
12042026,R4C3,,7,,MAESTRO TEJY,26.0,=,,,CH. CHALON,4,HONGRES,,0,13,0,0.0,0,0,0,0,,0,0,0
12042026,R4C3,,8,,MEGAFLO BELLO,8.5,=,,,PH. MARIE,4,HONGRES,DEFERRE_POSTERIEURS,0,14,0,0.0,0,0,0,0,,0,0,0
12042026,R4C3,,9,,MADRAS,5.4,=,,,A. THOMAS,4,HONGRES,DEFERRE_POSTERIEURS,0,8,3,0.375,0,0,0,0,,0,0,0
12042026,R4C4,,1,,KAOLIN DE FONTAINE,76.0,=,,,J. DUBREIL,6,HONGRES,DEFERRE_ANTERIEURS_POSTERIEURS,0,36,1,0.0278,0,0,0,0,,0,0,0
12042026,R4C4,,2,,KALINA VENDEENNE,33.0,=,,,O. RAFFIN,6,FEMELLES,DEFERRE_POSTERIEURS,0,38,2,0.0526,0,0,0,0,,0,0,0
12042026,R4C4,,3,,KARTING BOY,16.0,=,,,Y. DREUX,6,HONGRES,DEFERRE_POSTERIEURS,0,29,1,0.0345,0,0,0,0,,0,0,0
12042026,R4C4,,4,,KING HAUFOR,35.0,=,,,F. CRUAUD,6,HONGRES,,0,38,2,0.0526,0,0,0,0,,0,0,0
12042026,R4C4,,5,,KERVIGNAC,3.2,=,,,A. CHAVATTE,6,HONGRES,DEFERRE_POSTERIEURS,0,12,3,0.25,0,0,0,0,,0,0,0
12042026,R4C4,,6,,JOYEUX DE BOLERO,17.0,=,,,F. HEON,7,HONGRES,DEFERRE_POSTERIEURS,0,63,2,0.0317,0,0,0,0,,0,0,0
12042026,R4C4,,7,,KOBALT APPLE,10.0,=,,,M. MOTTIER,6,HONGRES,PROTEGE_ANTERIEURS_POSTERIEURS,0,20,2,0.1,0,0,0,0,,0,0,0
12042026,R4C4,,8,,KEROS DE BEAULIEU,9.4,=,,,B. ROUER,6,HONGRES,DEFERRE_ANTERIEURS_POSTERIEURS,0,39,3,0.0769,0,0,0,0,,0,0,0
12042026,R4C4,,9,,KALEDA DE LA COUR,2.7,=,,,P.L. DESAUNETTE,6,FEMELLES,DEFERRE_ANTERIEURS_POSTERIEURS,0,38,4,0.1053,0,0,0,0,,0,0,0
12042026,R4C4,,10,,KAMES MERITE,10.0,=,,,M. VARIN,6,HONGRES,DEFERRE_ANTERIEURS_POSTERIEURS,0,34,5,0.1471,0,0,0,0,,0,0,0
12042026,R4C5,,1,,LUMIERE DU TREZON,121.0,=,,,D.M. OLIVIER,5,FEMELLES,DEFERRE_POSTERIEURS,0,22,0,0.0,0,0,0,0,,0,0,0
12042026,R4C5,,2,,LUTECE DES BOIS,114.0,=,,,A. GILLES,5,FEMELLES,DEFERRE_ANTERIEURS_POSTERIEURS,0,12,0,0.0,0,0,0,0,,0,0,0
12042026,R4C5,,3,,LATINA DU PARC,82.0,=,,,E. GARNIER,5,FEMELLES,DEFERRE_ANTERIEURS_POSTERIEURS,0,24,0,0.0,0,0,0,0,,0,0,0
12042026,R4C5,,4,,LINKA D'ADELE,27.0,=,,,L. THIEULENT,5,FEMELLES,,0,12,0,0.0,0,0,0,0,,0,0,0
12042026,R4C5,,5,,LOVELY DEVOL,11.0,=,,,J. BESCHER,5,FEMELLES,DEFERRE_ANTERIEURS_POSTERIEURS,0,26,1,0.0385,0,0,0,0,,0,0,0
12042026,R4C5,,6,,LERMINE D'OLIVERIE,147.0,=,,,F. TERRY,5,FEMELLES,,0,25,2,0.08,0,0,0,0,,0,0,0
12042026,R4C5,,7,,LAUREATE SPEED,10.0,=,,,J.PH. MONCLIN,5,FEMELLES,,0,7,2,0.2857,0,0,0,0,,0,0,0
12042026,R4C5,,8,,LOUNABELLA,17.0,=,,,O. POTIER,5,FEMELLES,,0,23,2,0.087,0,0,0,0,,0,0,0
12042026,R4C5,,9,,LEGENDE D'OLIVERIE,5.2,=,,,J.L. BIGEON,5,FEMELLES,DEFERRE_ANTERIEURS_POSTERIEURS,0,16,2,0.125,0,0,0,0,,0,0,0
12042026,R4C5,,10,,LUNOA D'ECHAL,2.7,=,,,G. GILLOT,5,FEMELLES,DEFERRE_ANTERIEURS_POSTERIEURS,0,16,4,0.25,0,0,0,0,,0,0,0
12042026,R4C5,,11,,LUIGIA JIBELA,21.0,=,,,Mlle CL. BEILEARD,5,FEMELLES,DEFERRE_ANTERIEURS,0,20,1,0.05,0,0,0,0,,0,0,0
12042026,R4C5,,12,,LA TERRE DU BANNEY,86.0,=,,,R. SEVESTRE,5,FEMELLES,PROTEGE_ANTERIEURS,0,20,1,0.05,0,0,0,0,,0,0,0
12042026,R4C5,,13,,LIBERTE DE L'AUNAY,4.2,=,,,V. RAIMBAULT,5,FEMELLES,DEFERRE_ANTERIEURS_POSTERIEURS,0,13,3,0.2308,0,0,0,0,,0,0,0
12042026,R4C6,,1,,KERBEROS,215.0,=,,,W. DAVID,6,HONGRES,,0,34,0,0.0,0,0,0,0,,0,0,0
12042026,R4C6,,2,,KILLY D'IRATY,70.0,=,,,J. HERARD,6,HONGRES,PROTEGE_ANTERIEURS,0,48,1,0.0208,0,0,0,0,,0,0,0
12042026,R4C6,,3,,KYLEBEAU DU LUOT,112.0,=,,,G. HERARD,6,HONGRES,DEFERRE_ANTERIEURS_POSTERIEURS,0,32,5,0.1562,0,0,0,0,,0,0,0
12042026,R4C6,,4,,KING DE CHAMPIGNY,43.0,=,,,S. BOURLIER,6,HONGRES,DEFERRE_ANTERIEURS_POSTERIEURS,0,21,4,0.1905,0,0,0,0,,0,0,0
12042026,R4C6,,5,,KING STEED,5.8,=,,,A. CHAVATTE,6,MALES,PROTEGE_ANTERIEURS_DEFERRRE_POSTERIEURS,0,24,2,0.0833,0,0,0,0,,0,0,0
12042026,R4C6,,6,,KORIOLIS DE ZIETTE,9.8,=,,,D. STOEHR,6,MALES,,0,27,3,0.1111,0,0,0,0,,0,0,0
12042026,R4C6,,7,,KUROKO LAUAR,161.0,=,,,F. COMBOT,6,HONGRES,,0,41,2,0.0488,0,0,0,0,,0,0,0
12042026,R4C6,,8,,KADOR DES TITHAIS,14.0,=,,,S. MARMION,6,HONGRES,PROTEGE_ANTERIEURS_DEFERRRE_POSTERIEURS,0,39,5,0.1282,0,0,0,0,,0,0,0
12042026,R4C6,,9,,KILDARE,25.0,=,,,J.L. BIGEON,6,HONGRES,DEFERRE_POSTERIEURS,0,29,4,0.1379,0,0,0,0,,0,0,0
12042026,R4C6,,10,,KADEO JOSSELYN,53.0,=,,,J. DUBREIL,6,HONGRES,DEFERRE_ANTERIEURS_POSTERIEURS,0,44,4,0.0909,0,0,0,0,,0,0,0
12042026,R4C6,,11,,KING OF DAY,186.0,=,,,J. LEBOUTEILLER,6,MALES,,0,34,0,0.0,0,0,0,0,,0,0,0
12042026,R4C6,,12,,KOOPER,35.0,=,,,M. BEZIER,6,HONGRES,DEFERRE_POSTERIEURS,0,32,3,0.0938,0,0,0,0,,0,0,0
12042026,R4C6,,13,,KARMA TEJY,34.0,=,,,CH. CHALON,6,MALES,,0,44,2,0.0455,0,0,0,0,,0,0,0
12042026,R4C6,,14,,KRONOS DE VANDEL,175.0,=,,,E.G. BLOT,6,MALES,,0,32,5,0.1562,0,0,0,0,,0,0,0
12042026,R4C6,,15,,KAZAN BEACH,22.0,=,,,F. HAREL,6,HONGRES,PROTEGE_ANTERIEURS_POSTERIEURS,0,32,5,0.1562,0,0,0,0,,0,0,0
12042026,R4C6,,16,,KILIMANDJARO PLAYA,1.9,=,,,S.G. DUPONT,6,HONGRES,,0,28,7,0.25,0,0,0,0,,0,0,0
12042026,R4C6,,17,,KOQUIN D'AMOUR,10.0,=,,,A. HUBERT,6,HONGRES,PROTEGE_ANTERIEURS_DEFERRRE_POSTERIEURS,0,25,4,0.16,0,0,0,0,,0,0,0
12042026,R4C7,,1,,INSTANT DU BOIS,117.0,=,,,Mlle CL. BEILEARD,8,HONGRES,DEFERRE_ANTERIEURS_POSTERIEURS,0,42,9,0.2143,0,0,0,0,,0,0,0
12042026,R4C7,,2,,JOKER DE MARZY,8.0,=,,,A. THOMAS,7,HONGRES,DEFERRE_POSTERIEURS,0,40,7,0.175,0,0,0,0,,0,0,0
12042026,R4C7,,3,,INDY DE MAI,34.0,=,,,M. VARIN,8,HONGRES,PROTEGE_ANTERIEURS_DEFERRRE_POSTERIEURS,0,59,5,0.0847,0,0,0,0,,0,0,0
12042026,R4C7,,4,,JUPITER DE MAISY,19.0,=,,,F. RETAUX,7,HONGRES,DEFERRE_ANTERIEURS,0,46,6,0.1304,0,0,0,0,,0,0,0
12042026,R4C7,,5,,JASMIN PHIL,128.0,=,,,F. TERRY,7,HONGRES,DEFERRE_ANTERIEURS_POSTERIEURS,0,59,5,0.0847,0,0,0,0,,0,0,0
12042026,R4C7,,6,,JILANZA DU MOULIN,248.0,=,,,J. GROIZEAU,7,FEMELLES,,0,31,6,0.1935,0,0,0,0,,0,0,0
12042026,R4C7,,7,,JEUDI DES RACQUES,15.0,=,,,E.G. BLOT,7,MALES,DEFERRE_ANTERIEURS_POSTERIEURS,0,59,5,0.0847,0,0,0,0,,0,0,0
12042026,R4C7,,8,,JENUFA,31.0,=,,,Anthony DOLLION,7,FEMELLES,DEFERRE_ANTERIEURS,0,36,5,0.1389,0,0,0,0,,0,0,0
12042026,R4C7,,9,,JADE,10.0,=,,,V. LEBARQUE,7,HONGRES,PROTEGE_ANTERIEURS_DEFERRRE_POSTERIEURS,0,48,6,0.125,0,0,0,0,,0,0,0
12042026,R4C7,,10,,JULIANO STILE,3.1,=,,,Antonin ANDRE,7,HONGRES,DEFERRE_ANTERIEURS_POSTERIEURS,0,35,8,0.2286,0,0,0,0,,0,0,0
12042026,R4C7,,11,,JAVA DE BOITRON,66.0,=,,,B. CARPENTIER,7,FEMELLES,DEFERRE_ANTERIEURS_POSTERIEURS,0,48,3,0.0625,0,0,0,0,,0,0,0
12042026,R4C7,,12,,INCONTOURNABLE,85.0,=,,,A. CHAVATTE,8,HONGRES,DEFERRE_ANTERIEURS_POSTERIEURS,0,49,7,0.1429,0,0,0,0,,0,0,0
12042026,R4C7,,13,,JUST DE LA MORTRIE,18.0,=,,,S.G. DUPONT,7,HONGRES,PROTEGE_ANTERIEURS_DEFERRRE_POSTERIEURS,0,38,11,0.2895,0,0,0,0,,0,0,0
12042026,R4C7,,14,,JOB DE CHOISEL,2.8,=,,,S.G. DUPONT,7,HONGRES,DEFERRE_ANTERIEURS_POSTERIEURS,0,32,8,0.25,0,0,0,0,,0,0,0
12042026,R4C8,,1,,OH CEAN,85.0,=,,,J. DAHLMAN,7,HONGRES,DEFERRE_ANTERIEURS_POSTERIEURS,0,1,0,0.0,0,0,0,0,,0,0,0
12042026,R4C8,,2,,JUDGE DREDD SISU,35.0,=,,,C. CHENU,7,HONGRES,DEFERRE_ANTERIEURS_POSTERIEURS,0,1,0,0.0,0,0,0,0,,0,0,0
12042026,R4C8,,3,,MASTER OF ZON,100.0,=,,,Joakim ESKILSSON,9,HONGRES,,0,7,0,0.0,0,0,0,0,,0,0,0
12042026,R4C8,,4,,ILLYTRASS,129.0,=,,,F. TERRY,8,HONGRES,DEFERRE_ANTERIEURS_POSTERIEURS,0,65,5,0.0769,0,0,0,0,,0,0,0
12042026,R4C8,,5,,JADE HERINIERE,206.0,=,,,E.G. BLOT,7,FEMELLES,,0,52,4,0.0769,0,0,0,0,,0,0,0
12042026,R4C8,,6,,ISARIO VENESI,23.0,=,,,C. CHENU,8,HONGRES,DEFERRE_ANTERIEURS_POSTERIEURS,0,31,8,0.2581,0,0,0,0,,0,0,0
12042026,R4C8,,7,,JOELLA BELLA,12.0,=,,,J.P. MARMION,7,FEMELLES,PROTEGE_ANTERIEURS,0,28,6,0.2143,0,0,0,0,,0,0,0
12042026,R4C8,,8,,REDBULL PELLINI,3.6,=,,,L. CHARBONNEL,8,HONGRES,DEFERRE_ANTERIEURS_POSTERIEURS,0,7,1,0.1429,0,0,0,0,,0,0,0
12042026,R4C8,,9,,FIORANO,42.0,=,,,A. CHAVATTE,7,HONGRES,PROTEGE_ANTERIEURS,0,10,0,0.0,0,0,0,0,,0,0,0
12042026,R4C8,,10,,DADA DEL RONCO,34.0,=,,,H.E. BONDO,7,FEMELLES,DEFERRE_ANTERIEURS_POSTERIEURS,0,23,3,0.1304,0,0,0,0,,0,0,0
12042026,R4C8,,11,,INSTINCTIF,140.0,=,,,J.L. BIGEON,8,HONGRES,,0,46,5,0.1087,0,0,0,0,,0,0,0
12042026,R4C8,,12,,IZIA DE MONGIVAL,52.0,=,,,G. LIZEE,8,FEMELLES,DEFERRE_ANTERIEURS_POSTERIEURS,0,51,9,0.1765,0,0,0,0,,0,0,0
12042026,R4C8,,13,,XERAVA C.D.,10.0,=,,,H.R. STROMBERG,7,FEMELLES,DEFERRE_ANTERIEURS_POSTERIEURS,0,3,0,0.0,0,0,0,0,,0,0,0
12042026,R4C8,,14,,JUSTICIA SMART,21.0,=,,,J. DUBREIL,7,FEMELLES,PROTEGE_ANTERIEURS_DEFERRRE_POSTERIEURS,0,70,5,0.0714,0,0,0,0,,0,0,0
12042026,R4C8,,15,,JOSHUA PEJI,2.5,=,,,D. BONNE,7,HONGRES,DEFERRE_ANTERIEURS_POSTERIEURS,0,40,12,0.3,0,0,0,0,,0,0,0
12042026,R4C8,,16,,GOLD PEJI,251.0,=,,,F. TERRY,10,HONGRES,,0,93,9,0.0968,0,0,0,0,,0,0,0
12042026,R4C8,,17,,CERTAINLY (SWE),47.0,=,,,J. EHLERS,9,HONGRES,DEFERRE_ANTERIEURS,0,15,3,0.2,0,0,0,0,,0,0,0
12042026,R4C8,,18,,JOKER DE CHOISEL,16.0,=,,,S.G. DUPONT,7,HONGRES,DEFERRE_ANTERIEURS,0,31,10,0.3226,0,0,0,0,,0,0,0
12042026,R5C1,,1,,KANKAL,90.0,=,,,S. LEBLOND,6,HONGRES,DEFERRE_ANTERIEURS_POSTERIEURS,0,32,3,0.0938,0,0,0,0,,0,0,0
12042026,R5C1,,2,,KID SMILE,17.0,=,,,S. LEBLOND,6,HONGRES,DEFERRE_ANTERIEURS,0,28,4,0.1429,0,0,0,0,,0,0,0
12042026,R5C1,,3,,KROSS FINGERS,140.0,=,,,St. PROVOOST,6,HONGRES,PROTEGE_ANTERIEURS,0,42,4,0.0952,0,0,0,0,,0,0,0
12042026,R5C1,,4,,KAJAGOOGOO,49.0,=,,,Ch. HENRY,6,HONGRES,DEFERRE_ANTERIEURS_POSTERIEURS,0,54,3,0.0556,0,0,0,0,,0,0,0
12042026,R5C1,,5,,KEOPS DU BUHOT,10.0,=,,,J. GOSSELIN,6,HONGRES,DEFERRE_ANTERIEURS_POSTERIEURS,0,31,5,0.1613,0,0,0,0,,0,0,0
12042026,R5C1,,6,,KENOR DESBOIS,38.0,=,,,F. TERRY,6,HONGRES,DEFERRE_POSTERIEURS,0,33,5,0.1515,0,0,0,0,,0,0,0
12042026,R5C1,,7,,KISS ME DE MADKER,3.5,=,,,CH.A. MALLET,6,FEMELLES,DEFERRE_POSTERIEURS,0,31,7,0.2258,0,0,0,0,,0,0,0
12042026,R5C1,,8,,KING BABEL,6.1,=,,,Y. HALLAIS,6,HONGRES,DEFERRE_POSTERIEURS,0,25,5,0.2,0,0,0,0,,0,0,0
12042026,R5C1,,9,,KASTA DU RIB,30.0,=,,,JOEL HALLAIS,6,FEMELLES,PROTEGE_ANTERIEURS_DEFERRRE_POSTERIEURS,0,40,3,0.075,0,0,0,0,,0,0,0
12042026,R5C1,,10,,KLEMS DE JAVIE,94.0,=,,,S. ROGER,6,HONGRES,PROTEGE_ANTERIEURS_POSTERIEURS,0,43,2,0.0465,0,0,0,0,,0,0,0
12042026,R5C1,,11,,KOSETTE DU LINON,13.0,=,,,E. LAMY,6,FEMELLES,DEFERRE_ANTERIEURS_POSTERIEURS,0,38,6,0.1579,0,0,0,0,,0,0,0
12042026,R5C1,,12,,KAHIRA DES MARES,17.0,=,,,Guillaume JOUVE,6,FEMELLES,DEFERRE_ANTERIEURS_POSTERIEURS,0,26,5,0.1923,0,0,0,0,,0,0,0
12042026,R5C1,,13,,KARTER LEWIS,6.0,=,,,J.M. CHAINEUX,6,HONGRES,DEFERRE_ANTERIEURS_POSTERIEURS,0,27,5,0.1852,0,0,0,0,,0,0,0
12042026,R5C1,,14,,KYRA D'ESSARTS,6.1,=,,,R. LAGADEUC,6,FEMELLES,DEFERRE_ANTERIEURS_POSTERIEURS,0,25,4,0.16,0,0,0,0,,0,0,0
12042026,R5C2,,1,,JACK L'EVENTREUR,20.0,=,,,F. TERRY,7,HONGRES,PROTEGE_ANTERIEURS_DEFERRRE_POSTERIEURS,0,65,5,0.0769,0,0,0,0,,0,0,0
12042026,R5C2,,2,,IT'S CLASSIC ROCK,17.0,=,,,CL. THOMAIN,8,HONGRES,DEFERRE_ANTERIEURS_POSTERIEURS,0,58,7,0.1207,0,0,0,0,,0,0,0
12042026,R5C2,,3,,I LOVE YOU TEK,39.0,=,,,Mme N. VIEL-PIERRE,8,HONGRES,DEFERRE_ANTERIEURS,0,49,4,0.0816,0,0,0,0,,0,0,0
12042026,R5C2,,4,,JUNE D'ERABLE,6.1,=,,,CL. THOMAIN,7,FEMELLES,DEFERRE_ANTERIEURS_POSTERIEURS,0,41,6,0.1463,0,0,0,0,,0,0,0
12042026,R5C2,,5,,JAMAIS,4.6,=,,,F. TERRY,7,MALES,DEFERRE_ANTERIEURS_POSTERIEURS,0,34,6,0.1765,0,0,0,0,,0,0,0
12042026,R5C2,,6,,JOB DU PERSIL,6.6,=,,,G. CURENS,7,HONGRES,DEFERRE_ANTERIEURS_POSTERIEURS,0,58,5,0.0862,0,0,0,0,,0,0,0
12042026,R5C2,,7,,JOKER DES MOLLES,177.0,=,,,F. TERRY,7,HONGRES,,0,43,5,0.1163,0,0,0,0,,0,0,0
12042026,R5C2,,8,,JEWEL HEMSSON,68.0,=,,,R. JAJOLET,7,HONGRES,PROTEGE_ANTERIEURS,0,42,3,0.0714,0,0,0,0,,0,0,0
12042026,R5C2,,9,,HATALANTE DE FLO,107.0,=,,,A. PLARD,9,FEMELLES,DEFERRE_ANTERIEURS_POSTERIEURS,0,100,10,0.1,0,0,0,0,,0,0,0
12042026,R5C2,,10,,IMOW ROLAU,23.0,=,,,D. LECROQ,8,HONGRES,PROTEGE_ANTERIEURS_POSTERIEURS,0,73,11,0.1507,0,0,0,0,,0,0,0
12042026,R5C2,,11,,IN LOVE D'ECAJEUL,2.8,=,,,M. IZAAC,8,HONGRES,PROTEGE_ANTERIEURS_DEFERRRE_POSTERIEURS,0,49,14,0.2857,0,0,0,0,,0,0,0
12042026,R5C2,,12,,JARDYLAND,16.0,=,,,CH. BIGEON,7,HONGRES,DEFERRE_ANTERIEURS_POSTERIEURS,0,42,4,0.0952,0,0,0,0,,0,0,0
12042026,R5C2,,13,,INDIANA TESS,37.0,=,,,A. LENOIR,8,FEMELLES,DEFERRE_ANTERIEURS,0,83,7,0.0843,0,0,0,0,,0,0,0
12042026,R5C2,,14,,JUEN EMONDEVILLE,147.0,=,,,B. GROULT,7,HONGRES,,0,41,5,0.122,0,0,0,0,,0,0,0
12042026,R5C3,,1,,LOUP SOLITAIRE,5.5,=,,,V. RENAULT,5,HONGRES,DEFERRE_ANTERIEURS_POSTERIEURS,0,15,3,0.2,0,0,0,0,,0,0,0
12042026,R5C3,,2,,LUCKY DU MINON,131.0,=,,,S. ROGER,5,HONGRES,PROTEGE_ANTERIEURS,0,23,1,0.0435,0,0,0,0,,0,0,0
12042026,R5C3,,3,,LEADER DE MARZY,3.5,=,,,A. THOMAS,5,HONGRES,DEFERRE_POSTERIEURS,0,10,5,0.5,0,0,0,0,,0,0,0
12042026,R5C3,,4,,LEADER BEACH,17.0,=,,,F. HAREL,5,HONGRES,DEFERRE_ANTERIEURS_POSTERIEURS,0,15,4,0.2667,0,0,0,0,,0,0,0
12042026,R5C3,,5,,LOKI FACTIER,10.0,=,,,B. MARIE,5,HONGRES,DEFERRE_ANTERIEURS_POSTERIEURS,0,24,2,0.0833,0,0,0,0,,0,0,0
12042026,R5C3,,6,,L'ARNACOEUR,2.6,=,,,F. LAGADEUC,5,HONGRES,PROTEGE_ANTERIEURS_DEFERRRE_POSTERIEURS,0,18,4,0.2222,0,0,0,0,,0,0,0
12042026,R5C3,,7,,LOUPIAC DE GODREL,74.0,=,,,St. PROVOOST,5,HONGRES,,0,55,1,0.0182,0,0,0,0,,0,0,0
12042026,R5C3,,8,,LAGON DU POMMEREUX,12.0,=,,,TH. LEVESQUE,5,MALES,PROTEGE_ANTERIEURS_DEFERRRE_POSTERIEURS,0,14,0,0.0,0,0,0,0,,0,0,0
12042026,R5C3,,9,,LOULOU DU PRATEL,153.0,=,,,A. LENOIR,5,HONGRES,,0,33,0,0.0,0,0,0,0,,0,0,0
12042026,R5C3,,10,,LAGOS,153.0,=,,,G.M. BERNIER,5,HONGRES,DEFERRE_ANTERIEURS_POSTERIEURS,0,17,1,0.0588,0,0,0,0,,0,0,0
12042026,R5C3,,11,,LEADER TURGOT,19.0,=,,,F. TERRY,5,HONGRES,PROTEGE_ANTERIEURS_POSTERIEURS,0,19,2,0.1053,0,0,0,0,,0,0,0
12042026,R5C3,,12,,LE LIBERTY,202.0,=,,,J.PH. GUIBOUT,5,HONGRES,,0,22,1,0.0455,0,0,0,0,,0,0,0
12042026,R5C4,,1,,LET'S GO SMART,29.0,=,,,F. TERRY,5,FEMELLES,PROTEGE_ANTERIEURS_DEFERRRE_POSTERIEURS,0,8,3,0.375,0,0,0,0,,0,0,0
12042026,R5C4,,2,,LA BELLE MIKA,24.0,=,,,S. ROGER,5,FEMELLES,DEFERRE_ANTERIEURS_POSTERIEURS,0,36,1,0.0278,0,0,0,0,,0,0,0
12042026,R5C4,,3,,LINA DU RIB,6.1,=,,,JOEL HALLAIS,5,FEMELLES,PROTEGE_ANTERIEURS_DEFERRRE_POSTERIEURS,0,15,2,0.1333,0,0,0,0,,0,0,0
12042026,R5C4,,4,,LINEA DE L'ALBA,9.2,=,,,Renaud JULIEN,5,FEMELLES,DEFERRE_ANTERIEURS_POSTERIEURS,0,29,1,0.0345,0,0,0,0,,0,0,0
12042026,R5C4,,5,,LADY D'IDEF,3.0,=,,,M. DONIO,5,FEMELLES,DEFERRE_POSTERIEURS,0,23,1,0.0435,0,0,0,0,,0,0,0
12042026,R5C4,,6,,LORETTE UP STAR,13.0,=,,,D. LECROQ,5,FEMELLES,DEFERRE_ANTERIEURS_POSTERIEURS,0,28,1,0.0357,0,0,0,0,,0,0,0
12042026,R5C4,,7,,LADY MORNING STAR,11.0,=,,,A.G. MAILLARD,5,FEMELLES,DEFERRE_ANTERIEURS_POSTERIEURS,0,25,1,0.04,0,0,0,0,,0,0,0
12042026,R5C4,,8,,LEONORA,37.0,=,,,J.PH. GUIBOUT,5,FEMELLES,,0,23,2,0.087,0,0,0,0,,0,0,0
12042026,R5C4,,9,,LEONIE DE L'ECLAIR,10.0,=,,,N. CATHERINE,5,FEMELLES,DEFERRE_ANTERIEURS_POSTERIEURS,0,19,2,0.1053,0,0,0,0,,0,0,0
12042026,R5C4,,10,,LYA DU VIVIER,65.0,=,,,S. ERNAULT,5,FEMELLES,,0,12,3,0.25,0,0,0,0,,0,0,0
12042026,R5C4,,11,,LA PERLA DE LOU,34.0,=,,,ST. MEUNIER,5,FEMELLES,DEFERRE_ANTERIEURS_POSTERIEURS,0,23,0,0.0,0,0,0,0,,0,0,0
12042026,R5C4,,12,,LUTTE IMPERIALE,18.0,=,,,S. LEBLOND,5,FEMELLES,DEFERRE_ANTERIEURS_POSTERIEURS,0,14,3,0.2143,0,0,0,0,,0,0,0
12042026,R5C4,,13,,LAIKA LAND,155.0,=,,,R. BRETON,5,FEMELLES,DEFERRE_ANTERIEURS_POSTERIEURS,0,16,1,0.0625,0,0,0,0,,0,0,0
12042026,R5C4,,14,,LADY D'HELIOS,9.7,=,,,F. HAREL,5,FEMELLES,DEFERRE_ANTERIEURS_POSTERIEURS,0,16,1,0.0625,0,0,0,0,,0,0,0
12042026,R5C5,,1,,MERCATO DES FORGES,3.0,=,,,B. GOGLIN,4,MALES,,0,6,3,0.5,0,0,0,0,,0,0,0
12042026,R5C5,,2,,MACBETH,21.0,=,,,S. GUARATO,4,HONGRES,PROTEGE_ANTERIEURS_POSTERIEURS,0,9,1,0.1111,0,0,0,0,,0,0,0
12042026,R5C5,,3,,MOGADOR,8.9,=,,,F. NIVARD,4,HONGRES,PROTEGE_ANTERIEURS_DEFERRRE_POSTERIEURS,0,13,0,0.0,0,0,0,0,,0,0,0
12042026,R5C5,,4,,MEDICI DE BUSSET,11.0,=,,,A. CHAVATTE,4,MALES,PROTEGE_ANTERIEURS,0,8,1,0.125,0,0,0,0,,0,0,0
12042026,R5C5,,5,,MALOU DU BOIS,63.0,=,,,S. ROGER,4,HONGRES,DEFERRE_POSTERIEURS,0,23,1,0.0435,0,0,0,0,,0,0,0
12042026,R5C5,,6,,MY DREAM MESLOIS,3.1,=,,,P. BELLOCHE,4,HONGRES,DEFERRE_POSTERIEURS,0,10,2,0.2,0,0,0,0,,0,0,0
12042026,R5C5,,7,,MARQUIS SOMOLLI,10.0,=,,,J.P. FICHAUX,4,HONGRES,,0,9,2,0.2222,0,0,0,0,,0,0,0
12042026,R5C5,,8,,MARTIN DU SOUND,86.0,=,,,P. MARTIN,4,HONGRES,,0,7,1,0.1429,0,0,0,0,,0,0,0
12042026,R5C5,,9,,MEILLEUR KURYS,42.0,=,,,R. JAJOLET,4,MALES,DEFERRE_ANTERIEURS_POSTERIEURS,0,23,0,0.0,0,0,0,0,,0,0,0
12042026,R5C5,,10,,MOTS BLEUS,11.0,=,,,S. LEBLOND,4,HONGRES,DEFERRE_ANTERIEURS_POSTERIEURS,0,8,0,0.0,0,0,0,0,,0,0,0
12042026,R5C5,,11,,MONZON DU CHATELET,29.0,=,,,C. CHENU,4,HONGRES,PROTEGE_ANTERIEURS_DEFERRRE_POSTERIEURS,0,14,0,0.0,0,0,0,0,,0,0,0
12042026,R5C5,,12,,MAGIC DE TILLARD,108.0,=,,,V. RENAULT,4,HONGRES,,0,10,1,0.1,0,0,0,0,,0,0,0
12042026,R5C6,,1,,MIA DE SIMM,11.0,=,,,J.ET. LE BEC,4,FEMELLES,PROTEGE_ANTERIEURS_DEFERRRE_POSTERIEURS,0,19,1,0.0526,0,0,0,0,,0,0,0
12042026,R5C6,,2,,MIMI CHARMEUSE,3.2,=,,,V. VIEL,4,FEMELLES,DEFERRE_ANTERIEURS_POSTERIEURS,0,11,3,0.2727,0,0,0,0,,0,0,0
12042026,R5C6,,3,,MADAME D'ERABLE,4.7,=,,,CL. THOMAIN,4,FEMELLES,DEFERRE_ANTERIEURS,0,9,1,0.1111,0,0,0,0,,0,0,0
12042026,R5C6,,4,,MICHIKO,113.0,=,,,CL. THOMAIN,4,FEMELLES,,0,9,1,0.1111,0,0,0,0,,0,0,0
12042026,R5C6,,5,,MONANZA CASTEL,18.0,=,,,P. BELLOCHE,4,FEMELLES,,0,12,0,0.0,0,0,0,0,,0,0,0
12042026,R5C6,,6,,MALICIA DU ROCHER,10.0,=,,,F. NIVARD,4,FEMELLES,PROTEGE_ANTERIEURS_DEFERRRE_POSTERIEURS,0,17,1,0.0588,0,0,0,0,,0,0,0
12042026,R5C6,,7,,MANHATTAN JENILOU,5.7,=,,,Alexis PRAT,4,FEMELLES,DEFERRE_ANTERIEURS_POSTERIEURS,0,7,1,0.1429,0,0,0,0,,0,0,0
12042026,R5C6,,8,,MA BELLA DE JED,84.0,=,,,JEROME DAVID,4,FEMELLES,,0,20,1,0.05,0,0,0,0,,0,0,0
12042026,R5C6,,9,,MIA STEJELO,23.0,=,,,St. PROVOOST,4,FEMELLES,DEFERRE_ANTERIEURS,0,11,0,0.0,0,0,0,0,,0,0,0
12042026,R5C6,,10,,MITSY DU NOYER,128.0,=,,,F. TERRY,4,FEMELLES,,0,9,1,0.1111,0,0,0,0,,0,0,0
12042026,R5C6,,11,,MACHA D'OCCAGNES,157.0,=,,,V. RENAULT,4,FEMELLES,,0,6,2,0.3333,0,0,0,0,,0,0,0
12042026,R5C6,,12,,MOONDANCE OKINA,13.0,=,,,B. MARIE,4,FEMELLES,DEFERRE_ANTERIEURS_POSTERIEURS,0,16,2,0.125,0,0,0,0,,0,0,0
12042026,R5C6,,13,,MANHATTAN D'AMER,13.0,=,,,Ch. DREUX,4,FEMELLES,DEFERRE_POSTERIEURS,0,10,0,0.0,0,0,0,0,,0,0,0
12042026,R5C6,,14,,MY DESTINY QUEEN,111.0,=,,,F. TERRY,4,FEMELLES,DEFERRE_POSTERIEURS,0,15,3,0.2,0,0,0,0,,0,0,0
12042026,R5C7,,1,,NOISETTE MIKA,12.0,=,,,S. ROGER,3,FEMELLES,,0,4,0,0.0,0,0,0,0,,0,0,0
12042026,R5C7,,2,,NEVADA SMITH,7.4,=,,,M. KROUCHI,3,HONGRES,PROTEGE_ANTERIEURS_POSTERIEURS,0,5,0,0.0,0,0,0,0,,0,0,0
12042026,R5C7,,3,,NUANCE KADESH,6.8,=,,,S. LEBLOND,3,FEMELLES,PROTEGE_ANTERIEURS_POSTERIEURS,0,7,0,0.0,0,0,0,0,,0,0,0
12042026,R5C7,,4,,NEFERTITI PIYA,3.3,=,,,CL. THOMAIN,3,FEMELLES,,0,3,1,0.3333,0,0,0,0,,0,0,0
12042026,R5C7,,5,,NEO,2.4,=,,,PH. ALLAIRE,3,MALES,PROTEGE_POSTERIEURS,0,5,1,0.2,0,0,0,0,,0,0,0
12042026,R5C7,,6,,NAKIM D'AMBOISE,7.1,=,,,S. PRIOUL,3,HONGRES,,0,4,1,0.25,0,0,0,0,,0,0,0
12042026,R5C7,,7,,NEBRASKA DE GINIER,3.0,=,,,A. BUISSON,3,HONGRES,PROTEGE_ANTERIEURS_POSTERIEURS,0,3,1,0.3333,0,0,0,0,,0,0,0
12042026,R5C7,,8,,NYNO DE TROUVILLE,39.0,=,,,Anthonin FAVRIS,3,HONGRES,,0,1,0,0.0,0,0,0,0,,0,0,0
12042026,R5C7,,9,,NINJA DU HOULME,67.0,=,,,J. VILAULT,3,HONGRES,,0,3,0,0.0,0,0,0,0,,0,0,0
12042026,R5C8,,1,,MARCO DU RIB,63.0,=,,,J. HERARD,4,HONGRES,DEFERRE_POSTERIEURS,0,3,0,0.0,0,0,0,0,,0,0,0
12042026,R5C8,,2,,MONEY WINNER AS,29.0,=,,,A. PLARD,4,FEMELLES,PROTEGE_ANTERIEURS_DEFERRRE_POSTERIEURS,0,9,0,0.0,0,0,0,0,,0,0,0
12042026,R5C8,,3,,MYSTIC DE VELY,76.0,=,,,J.M. GUILLOTTE,4,HONGRES,,0,5,0,0.0,0,0,0,0,,0,0,0
12042026,R5C8,,4,,MANON PHIL,128.0,=,,,JEROME DAVID,4,FEMELLES,,0,10,0,0.0,0,0,0,0,,0,0,0
12042026,R5C8,,5,,MILTON ELLIS,2.7,=,,,CH. MOTTIER,4,HONGRES,DEFERRE_ANTERIEURS_POSTERIEURS,0,4,0,0.0,0,0,0,0,,0,0,0
12042026,R5C8,,6,,MALICA MADRIK,6.8,=,,,ST. MEUNIER,4,FEMELLES,DEFERRE_ANTERIEURS_POSTERIEURS,0,5,1,0.2,0,0,0,0,,0,0,0
12042026,R5C8,,7,,MERARU QUANDO,9.8,=,,,A.PH. GRIMAULT,4,HONGRES,PROTEGE_ANTERIEURS_DEFERRRE_POSTERIEURS,0,10,0,0.0,0,0,0,0,,0,0,0
12042026,R5C8,,8,,MY TOP GIFT,11.0,=,,,St. PROVOOST,4,HONGRES,DEFERRE_ANTERIEURS,0,17,1,0.0588,0,0,0,0,,0,0,0
12042026,R5C8,,9,,MY SPIRIT ERA,11.0,=,,,J. CERISIER,4,HONGRES,DEFERRE_ANTERIEURS_POSTERIEURS,0,17,0,0.0,0,0,0,0,,0,0,0
12042026,R5C8,,10,,MERCENAIRE D'ECHAL,3.1,=,,,E.M. FOURNIER,4,MALES,DEFERRE_POSTERIEURS,0,5,1,0.2,0,0,0,0,,0,0,0
