window,train_end,test_end,n_train,n_test,auc,name,n_bets,win_rate,avg_odds,avg_edge,pnl,roi
1,2016-01-01,2016-07-01,418042,103203,0.7939122901490523,ALL_FAVORITES,8226,0.3054947726720156,3.0694262095793823,-0.06151239341838655,-1431.2,-0.1739849258448821
1,2016-01-01,2016-07-01,418042,103203,0.7939122901490523,HIGH_EDGE,7,0.14285714285714285,4.442857142857142,0.12679074425805184,-3.5,-0.5
1,2016-01-01,2016-07-01,418042,103203,0.7939122901490523,MED_EDGE,96,0.20833333333333334,5.001041666666667,0.06875552645517546,-6.600000000000001,-0.06875000000000002
1,2016-01-01,2016-07-01,418042,103203,0.7939122901490523,LOW_EDGE,571,0.21015761821366025,6.27460595446585,0.03660502206199774,88.5,0.15499124343257442
1,2016-01-01,2016-07-01,418042,103203,0.7939122901490523,CONF_HIGH,550,0.26181818181818184,3.6561818181818184,0.025260872107610133,-62.7,-0.114
1,2016-01-01,2016-07-01,418042,103203,0.7939122901490523,OUTSIDER_HE,8,0.125,9.925,0.05731579182553966,1.0,0.125
1,2016-01-01,2016-07-01,418042,103203,0.7939122901490523,EXTREME_HE,2,0.0,4.7,0.16668002565959922,-2.0,-1.0
2,2016-07-01,2017-01-01,420105,108879,0.8002423424734271,ALL_FAVORITES,8558,0.3143257770507128,3.1515073615330684,-0.05517511997106858,-1124.3000000000002,-0.13137415283944848
2,2016-07-01,2017-01-01,420105,108879,0.8002423424734271,HIGH_EDGE,12,0.16666666666666666,4.933333333333333,0.10870589265345564,-0.5000000000000009,-0.04166666666666674
2,2016-07-01,2017-01-01,420105,108879,0.8002423424734271,MED_EDGE,144,0.19444444444444445,5.907638888888889,0.0675350107618218,-10.899999999999999,-0.07569444444444444
2,2016-07-01,2017-01-01,420105,108879,0.8002423424734271,LOW_EDGE,902,0.1984478935698448,7.933037694013304,0.03644820616848932,281.5,0.3120842572062084
2,2016-07-01,2017-01-01,420105,108879,0.8002423424734271,CONF_HIGH,656,0.30640243902439024,3.2714939024390244,0.02510858840086037,-46.5,-0.07088414634146341
2,2016-07-01,2017-01-01,420105,108879,0.8002423424734271,OUTSIDER_HE,49,0.16326530612244897,12.212244897959186,0.06608066363438293,27.1,0.553061224489796
2,2016-07-01,2017-01-01,420105,108879,0.8002423424734271,EXTREME_HE,0,0.0,0.0,0.0,0.0,0.0
3,2017-01-01,2017-07-01,422127,104879,0.8003334932165793,ALL_FAVORITES,7967,0.32847997991715827,2.9975147483368896,-0.05617470088923358,-1064.5,-0.13361365633237102
3,2017-01-01,2017-07-01,422127,104879,0.8003334932165793,HIGH_EDGE,3,0.0,4.466666666666666,0.11325685563770804,-3.0,-1.0
3,2017-01-01,2017-07-01,422127,104879,0.8003334932165793,MED_EDGE,98,0.19387755102040816,5.659183673469388,0.06687171941436117,-24.1,-0.24591836734693878
3,2017-01-01,2017-07-01,422127,104879,0.8003334932165793,LOW_EDGE,672,0.16220238095238096,8.154464285714285,0.03500725574012801,-21.799999999999997,-0.032440476190476186
3,2017-01-01,2017-07-01,422127,104879,0.8003334932165793,CONF_HIGH,556,0.29676258992805754,3.4091726618705036,0.02163722186636023,-30.599999999999998,-0.055035971223021576
3,2017-01-01,2017-07-01,422127,104879,0.8003334932165793,OUTSIDER_HE,18,0.1111111111111111,12.127777777777776,0.062374969980048406,18.7,1.0388888888888888
3,2017-01-01,2017-07-01,422127,104879,0.8003334932165793,EXTREME_HE,0,0.0,0.0,0.0,0.0,0.0
4,2017-07-01,2018-01-01,424754,110501,0.7967764043141817,ALL_FAVORITES,7614,0.3124507486209614,3.0576438140267923,-0.06747558063377378,-1427.8000000000002,-0.18752298397688472
4,2017-07-01,2018-01-01,424754,110501,0.7967764043141817,HIGH_EDGE,0,0.0,0.0,0.0,0.0,0.0
4,2017-07-01,2018-01-01,424754,110501,0.7967764043141817,MED_EDGE,10,0.2,5.549999999999999,0.06328396216057866,-2.1999999999999997,-0.21999999999999997
4,2017-07-01,2018-01-01,424754,110501,0.7967764043141817,LOW_EDGE,158,0.17721518987341772,7.361392405063291,0.03148231321805919,20.500000000000007,0.12974683544303803
4,2017-07-01,2018-01-01,424754,110501,0.7967764043141817,CONF_HIGH,143,0.25874125874125875,3.402797202797203,0.018105220393900424,-20.1,-0.14055944055944056
4,2017-07-01,2018-01-01,424754,110501,0.7967764043141817,OUTSIDER_HE,1,0.0,11.0,0.05027401638630158,-1.0,-1.0
4,2017-07-01,2018-01-01,424754,110501,0.7967764043141817,EXTREME_HE,0,0.0,0.0,0.0,0.0,0.0
5,2018-01-01,2018-07-01,427462,105160,0.8002853924266893,ALL_FAVORITES,7484,0.3106627471940139,3.06243987172635,-0.05399757834780031,-1453.1000000000001,-0.19416087653661146
5,2018-01-01,2018-07-01,427462,105160,0.8002853924266893,HIGH_EDGE,1,1.0,2.5,0.1410441445986601,1.5,1.5
5,2018-01-01,2018-07-01,427462,105160,0.8002853924266893,MED_EDGE,79,0.189873417721519,5.346835443037975,0.06490175827958357,-10.399999999999999,-0.13164556962025314
5,2018-01-01,2018-07-01,427462,105160,0.8002853924266893,LOW_EDGE,659,0.18968133535660092,8.563732928679817,0.034220458512265635,68.69999999999999,0.10424886191198784
5,2018-01-01,2018-07-01,427462,105160,0.8002853924266893,CONF_HIGH,504,0.30753968253968256,3.236507936507936,0.021986918738015112,-37.5,-0.0744047619047619
5,2018-01-01,2018-07-01,427462,105160,0.8002853924266893,OUTSIDER_HE,23,0.13043478260869565,15.365217391304347,0.06418146285008688,16.8,0.7304347826086957
5,2018-01-01,2018-07-01,427462,105160,0.8002853924266893,EXTREME_HE,0,0.0,0.0,0.0,0.0,0.0
6,2018-07-01,2019-01-01,429419,109493,0.8093492356966036,ALL_FAVORITES,7860,0.338676844783715,2.9449872773536896,-0.058470106671324344,-1264.7,-0.16090330788804072
6,2018-07-01,2019-01-01,429419,109493,0.8093492356966036,HIGH_EDGE,4,0.25,3.3499999999999996,0.11065438296913252,-0.6000000000000001,-0.15000000000000002
6,2018-07-01,2019-01-01,429419,109493,0.8093492356966036,MED_EDGE,50,0.2,6.032,0.06956942646511202,0.5,0.01
6,2018-07-01,2019-01-01,429419,109493,0.8093492356966036,LOW_EDGE,463,0.15766738660907129,7.9447084233261345,0.033363519431914304,-78.00000000000001,-0.16846652267818576
6,2018-07-01,2019-01-01,429419,109493,0.8093492356966036,CONF_HIGH,414,0.32608695652173914,3.27463768115942,0.021296663151743167,-22.900000000000002,-0.05531400966183576
6,2018-07-01,2019-01-01,429419,109493,0.8093492356966036,OUTSIDER_HE,12,0.08333333333333333,14.0,0.06566088209551253,3.1999999999999993,0.2666666666666666
6,2018-07-01,2019-01-01,429419,109493,0.8093492356966036,EXTREME_HE,0,0.0,0.0,0.0,0.0,0.0
7,2019-01-01,2019-07-01,430033,88008,0.8067380686327182,ALL_FAVORITES,5900,0.3276271186440678,2.984152542372881,-0.057254799123711585,-911.6,-0.15450847457627118
7,2019-01-01,2019-07-01,430033,88008,0.8067380686327182,HIGH_EDGE,1,0.0,5.0,0.11062456847173663,-1.0,-1.0
7,2019-01-01,2019-07-01,430033,88008,0.8067380686327182,MED_EDGE,27,0.2222222222222222,4.8,0.06678788091401383,-1.6999999999999993,-0.06296296296296294
7,2019-01-01,2019-07-01,430033,88008,0.8067380686327182,LOW_EDGE,254,0.14173228346456693,7.977952755905513,0.033937116297606554,-60.199999999999996,-0.23700787401574802
7,2019-01-01,2019-07-01,430033,88008,0.8067380686327182,CONF_HIGH,283,0.2862190812720848,3.3798586572438163,0.021785875561722325,-30.1,-0.10636042402826856
7,2019-01-01,2019-07-01,430033,88008,0.8067380686327182,OUTSIDER_HE,4,0.0,13.775,0.07184102891825885,-4.0,-1.0
7,2019-01-01,2019-07-01,430033,88008,0.8067380686327182,EXTREME_HE,0,0.0,0.0,0.0,0.0,0.0
8,2019-07-01,2020-01-01,413162,93281,0.8021739065375463,ALL_FAVORITES,6591,0.3221059019875588,3.097420725231376,-0.0604693180425035,-909.1,-0.13793051130329237
8,2019-07-01,2020-01-01,413162,93281,0.8021739065375463,HIGH_EDGE,4,0.5,3.5749999999999997,0.12068814540948587,3.3,0.825
8,2019-07-01,2020-01-01,413162,93281,0.8021739065375463,MED_EDGE,33,0.21212121212121213,6.287878787878788,0.07247450360414977,5.1000000000000005,0.15454545454545457
8,2019-07-01,2020-01-01,413162,93281,0.8021739065375463,LOW_EDGE,234,0.18376068376068377,8.080341880341882,0.034947277870185624,14.000000000000004,0.059829059829059845
8,2019-07-01,2020-01-01,413162,93281,0.8021739065375463,CONF_HIGH,257,0.30739299610894943,3.41556420233463,0.018625819466572862,-5.899999999999997,-0.022957198443579754
8,2019-07-01,2020-01-01,413162,93281,0.8021739065375463,OUTSIDER_HE,12,0.16666666666666666,10.266666666666667,0.06705849106887225,5.5,0.4583333333333333
8,2019-07-01,2020-01-01,413162,93281,0.8021739065375463,EXTREME_HE,0,0.0,0.0,0.0,0.0,0.0
9,2020-01-01,2020-07-01,395942,89955,0.8115017095253808,ALL_FAVORITES,4635,0.32815533980582523,3.0248651564185547,-0.05760614518908952,-673.2,-0.14524271844660194
9,2020-01-01,2020-07-01,395942,89955,0.8115017095253808,HIGH_EDGE,0,0.0,0.0,0.0,0.0,0.0
9,2020-01-01,2020-07-01,395942,89955,0.8115017095253808,MED_EDGE,38,0.21052631578947367,7.265789473684211,0.06178126149904678,14.7,0.3868421052631579
9,2020-01-01,2020-07-01,395942,89955,0.8115017095253808,LOW_EDGE,324,0.18518518518518517,7.5629629629629616,0.03330209276796058,92.49999999999999,0.28549382716049376
9,2020-01-01,2020-07-01,395942,89955,0.8115017095253808,CONF_HIGH,262,0.30916030534351147,3.341984732824428,0.018607586102296993,-7.200000000000006,-0.027480916030534375
9,2020-01-01,2020-07-01,395942,89955,0.8115017095253808,OUTSIDER_HE,21,0.09523809523809523,10.361904761904762,0.06279102561440102,4.6,0.21904761904761902
9,2020-01-01,2020-07-01,395942,89955,0.8115017095253808,EXTREME_HE,0,0.0,0.0,0.0,0.0,0.0
10,2020-07-01,2021-01-01,380737,99738,0.8066010623870336,ALL_FAVORITES,7494,0.33533493461435815,3.0378569522284495,-0.05323312459243685,-929.4000000000001,-0.12401921537229785
10,2020-07-01,2021-01-01,380737,99738,0.8066010623870336,HIGH_EDGE,3,0.0,4.5,0.11054121013164071,-3.0,-1.0
10,2020-07-01,2021-01-01,380737,99738,0.8066010623870336,MED_EDGE,92,0.17391304347826086,5.48695652173913,0.06588343134653314,-4.6000000000000005,-0.05
10,2020-07-01,2021-01-01,380737,99738,0.8066010623870336,LOW_EDGE,596,0.17785234899328858,6.741442953020134,0.03563943123222077,9.399999999999991,0.0157718120805369
10,2020-07-01,2021-01-01,380737,99738,0.8066010623870336,CONF_HIGH,527,0.301707779886148,3.4067362428842505,0.023092942683052235,-23.6,-0.044781783681214424
10,2020-07-01,2021-01-01,380737,99738,0.8066010623870336,OUTSIDER_HE,23,0.13043478260869565,10.947826086956523,0.06794538266901413,4.300000000000001,0.18695652173913047
10,2020-07-01,2021-01-01,380737,99738,0.8066010623870336,EXTREME_HE,0,0.0,0.0,0.0,0.0,0.0
11,2021-01-01,2021-07-01,370982,99872,0.8020839835017749,ALL_FAVORITES,6379,0.3304593196425772,2.9789700580028216,-0.05333900479806237,-1100.7000000000003,-0.17255055651356016
11,2021-01-01,2021-07-01,370982,99872,0.8020839835017749,HIGH_EDGE,0,0.0,0.0,0.0,0.0,0.0
11,2021-01-01,2021-07-01,370982,99872,0.8020839835017749,MED_EDGE,88,0.20454545454545456,6.048863636363637,0.06550537699952837,-26.1,-0.2965909090909091
11,2021-01-01,2021-07-01,370982,99872,0.8020839835017749,LOW_EDGE,607,0.17462932454695224,7.4299835255354205,0.03550615371291072,-64.7,-0.10658978583196047
11,2021-01-01,2021-07-01,370982,99872,0.8020839835017749,CONF_HIGH,479,0.2818371607515658,3.3367432150313157,0.02081616680913556,-43.9,-0.09164926931106472
11,2021-01-01,2021-07-01,370982,99872,0.8020839835017749,OUTSIDER_HE,32,0.0,12.09375,0.06915542229546355,-32.0,-1.0
11,2021-01-01,2021-07-01,370982,99872,0.8020839835017749,EXTREME_HE,0,0.0,0.0,0.0,0.0,0.0
12,2021-07-01,2022-01-01,382846,106954,0.7904350238531815,ALL_FAVORITES,8020,0.3110972568578554,3.1296758104738154,-0.051645223371885235,-1378.1,-0.17183291770573564
12,2021-07-01,2022-01-01,382846,106954,0.7904350238531815,HIGH_EDGE,6,0.16666666666666666,6.033333333333334,0.12654308441196008,-2.4,-0.39999999999999997
12,2021-07-01,2022-01-01,382846,106954,0.7904350238531815,MED_EDGE,96,0.25,5.457291666666666,0.06893251496310478,25.099999999999998,0.2614583333333333
12,2021-07-01,2022-01-01,382846,106954,0.7904350238531815,LOW_EDGE,779,0.19127086007702182,7.087869062901155,0.03513161414349784,32.8,0.042105263157894736
12,2021-07-01,2022-01-01,382846,106954,0.7904350238531815,CONF_HIGH,515,0.3262135922330097,3.356990291262136,0.02162168101543378,25.099999999999998,0.0487378640776699
12,2021-07-01,2022-01-01,382846,106954,0.7904350238531815,OUTSIDER_HE,27,0.2222222222222222,11.259259259259258,0.06853911844194917,52.3,1.937037037037037
12,2021-07-01,2022-01-01,382846,106954,0.7904350238531815,EXTREME_HE,1,0.0,6.3,0.15266252138840203,-1.0,-1.0
13,2022-01-01,2022-07-01,396519,103630,0.7976609822170987,ALL_FAVORITES,7448,0.322234156820623,3.065863319011816,-0.055465460679984535,-966.9,-0.1298200859291085
13,2022-01-01,2022-07-01,396519,103630,0.7976609822170987,HIGH_EDGE,2,0.0,5.85,0.106081870243764,-2.0,-1.0
13,2022-01-01,2022-07-01,396519,103630,0.7976609822170987,MED_EDGE,67,0.1791044776119403,5.769402985074626,0.06573415842374487,-7.700000000000001,-0.11492537313432838
13,2022-01-01,2022-07-01,396519,103630,0.7976609822170987,LOW_EDGE,537,0.17690875232774675,6.424674115456239,0.0338324436485533,-7.3999999999999915,-0.013780260707634993
13,2022-01-01,2022-07-01,396519,103630,0.7976609822170987,CONF_HIGH,414,0.30676328502415456,3.261352657004831,0.01868989570526544,-5.199999999999999,-0.01256038647342995
13,2022-01-01,2022-07-01,396519,103630,0.7976609822170987,OUTSIDER_HE,15,0.06666666666666667,10.569999999999999,0.06675472872837084,-5.9,-0.39333333333333337
13,2022-01-01,2022-07-01,396519,103630,0.7976609822170987,EXTREME_HE,0,0.0,0.0,0.0,0.0,0.0
14,2022-07-01,2023-01-01,410194,105119,0.7990387415921076,ALL_FAVORITES,7990,0.3137672090112641,3.136181476846057,-0.045769390035051066,-1140.8999999999999,-0.1427909887359199
14,2022-07-01,2023-01-01,410194,105119,0.7990387415921076,HIGH_EDGE,15,0.06666666666666667,6.033333333333334,0.11633370857244137,-13.1,-0.8733333333333333
14,2022-07-01,2023-01-01,410194,105119,0.7990387415921076,MED_EDGE,164,0.16463414634146342,5.660975609756098,0.06943370913666153,-29.1,-0.17743902439024392
14,2022-07-01,2023-01-01,410194,105119,0.7990387415921076,LOW_EDGE,923,0.19284940411700974,6.778873239436619,0.03720308817885272,103.19999999999999,0.11180931744312025
14,2022-07-01,2023-01-01,410194,105119,0.7990387415921076,CONF_HIGH,743,0.3028263795423957,3.3715343203230153,0.02355075534788552,-34.800000000000004,-0.0468371467025572
14,2022-07-01,2023-01-01,410194,105119,0.7990387415921076,OUTSIDER_HE,42,0.19047619047619047,11.00952380952381,0.06747343176331294,52.6,1.2523809523809524
14,2022-07-01,2023-01-01,410194,105119,0.7990387415921076,EXTREME_HE,2,0.0,7.95,0.16329255769531026,-2.0,-1.0
15,2023-01-01,2023-07-01,415575,104258,0.795700955104501,ALL_FAVORITES,7354,0.3211857492521077,3.0520669023660596,-0.04824861855467445,-997.5,-0.13564046777264074
15,2023-01-01,2023-07-01,415575,104258,0.795700955104501,HIGH_EDGE,3,0.6666666666666666,4.2,0.11153371318327909,5.9,1.9666666666666668
15,2023-01-01,2023-07-01,415575,104258,0.795700955104501,MED_EDGE,80,0.2625,5.461875000000001,0.0659831000906525,14.2,0.1775
15,2023-01-01,2023-07-01,415575,104258,0.795700955104501,LOW_EDGE,587,0.1635434412265758,6.850766609880749,0.03451697711030119,-79.4,-0.13526405451448043
15,2023-01-01,2023-07-01,415575,104258,0.795700955104501,CONF_HIGH,501,0.2714570858283433,3.4596806387225554,0.019713299344110334,-54.70000000000001,-0.10918163672654693
15,2023-01-01,2023-07-01,415575,104258,0.795700955104501,OUTSIDER_HE,15,0.06666666666666667,15.413333333333332,0.06884802201935582,5.199999999999999,0.3466666666666666
15,2023-01-01,2023-07-01,415575,104258,0.795700955104501,EXTREME_HE,0,0.0,0.0,0.0,0.0,0.0
16,2023-07-01,2024-01-01,419961,106209,0.7960654974745501,ALL_FAVORITES,7852,0.31915435557819666,3.1173650025471216,-0.04148891038127935,-1012.9999999999999,-0.12901171676006112
16,2023-07-01,2024-01-01,419961,106209,0.7960654974745501,HIGH_EDGE,13,0.3076923076923077,5.6,0.12589449021440785,3.4,0.26153846153846155
16,2023-07-01,2024-01-01,419961,106209,0.7960654974745501,MED_EDGE,165,0.24242424242424243,5.819090909090909,0.06865486135787087,27.4,0.16606060606060605
16,2023-07-01,2024-01-01,419961,106209,0.7960654974745501,LOW_EDGE,1034,0.20309477756286268,6.838346228239845,0.036927465129209,66.70000000000002,0.06450676982591878
16,2023-07-01,2024-01-01,419961,106209,0.7960654974745501,CONF_HIGH,900,0.33111111111111113,3.259611111111111,0.022273099162866714,36.699999999999996,0.040777777777777774
16,2023-07-01,2024-01-01,419961,106209,0.7960654974745501,OUTSIDER_HE,44,0.11363636363636363,13.886363636363633,0.06885501137711245,21.000000000000004,0.47727272727272735
16,2023-07-01,2024-01-01,419961,106209,0.7960654974745501,EXTREME_HE,1,1.0,3.1,0.1842813859707117,2.1,2.1
17,2024-01-01,2024-07-01,419216,109353,0.7973558703891541,ALL_FAVORITES,7531,0.30593546673748506,3.1203757801088834,-0.04425299887896055,-1298.8,-0.17246049661399548
17,2024-01-01,2024-07-01,419216,109353,0.7973558703891541,HIGH_EDGE,7,0.42857142857142855,3.585714285714286,0.12335483496809929,2.5,0.35714285714285715
17,2024-01-01,2024-07-01,419216,109353,0.7973558703891541,MED_EDGE,109,0.24770642201834864,4.967431192660551,0.06642637985055228,1.7000000000000006,0.015596330275229364
17,2024-01-01,2024-07-01,419216,109353,0.7973558703891541,LOW_EDGE,718,0.20473537604456823,6.858635097493036,0.035338728265869854,35.60000000000001,0.049582172701949874
17,2024-01-01,2024-07-01,419216,109353,0.7973558703891541,CONF_HIGH,754,0.3196286472148541,3.2988726790450933,0.020864799190634574,7.299999999999999,0.009681697612732094
17,2024-01-01,2024-07-01,419216,109353,0.7973558703891541,OUTSIDER_HE,23,0.13043478260869565,14.604347826086956,0.06239939204919461,30.200000000000003,1.3130434782608698
17,2024-01-01,2024-07-01,419216,109353,0.7973558703891541,EXTREME_HE,0,0.0,0.0,0.0,0.0,0.0
18,2024-07-01,2025-01-01,424939,110375,0.8024524088536866,ALL_FAVORITES,7915,0.3305116866708781,3.112501579279848,-0.04411911646071053,-834.5999999999999,-0.10544535691724573
18,2024-07-01,2025-01-01,424939,110375,0.8024524088536866,HIGH_EDGE,21,0.2857142857142857,4.371428571428572,0.1263112260886005,-1.8999999999999995,-0.09047619047619045
18,2024-07-01,2025-01-01,424939,110375,0.8024524088536866,MED_EDGE,142,0.20422535211267606,5.579577464788732,0.07498331390635964,-38.5,-0.2711267605633803
18,2024-07-01,2025-01-01,424939,110375,0.8024524088536866,LOW_EDGE,856,0.18691588785046728,7.1664135514018685,0.03802106929178062,51.09999999999999,0.05969626168224298
18,2024-07-01,2025-01-01,424939,110375,0.8024524088536866,CONF_HIGH,686,0.37900874635568516,3.066034985422741,0.02419561822932819,31.1,0.04533527696793003
18,2024-07-01,2025-01-01,424939,110375,0.8024524088536866,OUTSIDER_HE,38,0.02631578947368421,13.65,0.06978045788340687,-20.7,-0.5447368421052632
18,2024-07-01,2025-01-01,424939,110375,0.8024524088536866,EXTREME_HE,8,0.375,6.387500000000001,0.16197580608881484,1.5000000000000004,0.18750000000000006
19,2025-01-01,2025-07-01,430195,112460,0.8050127143849347,ALL_FAVORITES,7674,0.3329424029189471,3.018041438623925,-0.0440901679154439,-981.7999999999998,-0.12793849361480322
19,2025-01-01,2025-07-01,430195,112460,0.8050127143849347,HIGH_EDGE,18,0.2777777777777778,3.511111111111111,0.12226576582920282,0.20000000000000018,0.01111111111111112
19,2025-01-01,2025-07-01,430195,112460,0.8050127143849347,MED_EDGE,150,0.26666666666666666,4.506,0.07331019571177007,9.4,0.06266666666666666
19,2025-01-01,2025-07-01,430195,112460,0.8050127143849347,LOW_EDGE,853,0.19929660023446658,6.606799531066823,0.03827803802202891,-37.599999999999994,-0.04407971864009378
19,2025-01-01,2025-07-01,430195,112460,0.8050127143849347,CONF_HIGH,882,0.35374149659863946,2.9622448979591836,0.026041870204463424,-30.799999999999997,-0.034920634920634915
19,2025-01-01,2025-07-01,430195,112460,0.8050127143849347,OUTSIDER_HE,19,0.05263157894736842,14.847368421052632,0.06142569119691725,-9.7,-0.5105263157894736
19,2025-01-01,2025-07-01,430195,112460,0.8050127143849347,EXTREME_HE,1,1.0,3.2,0.1584552320185179,2.2,2.2
20,2025-07-01,2026-01-01,438397,111517,0.8005955365143148,ALL_FAVORITES,7893,0.325224882807551,3.0663816039528693,-0.05372158128769468,-1071.2,-0.1357151906752819
20,2025-07-01,2026-01-01,438397,111517,0.8005955365143148,HIGH_EDGE,1,0.0,3.1,0.14461371471104956,-1.0,-1.0
20,2025-07-01,2026-01-01,438397,111517,0.8005955365143148,MED_EDGE,23,0.13043478260869565,5.956521739130435,0.06761470871266298,-13.3,-0.5782608695652174
20,2025-07-01,2026-01-01,438397,111517,0.8005955365143148,LOW_EDGE,306,0.16993464052287582,8.024836601307191,0.03259226556409587,-38.99999999999999,-0.12745098039215683
20,2025-07-01,2026-01-01,438397,111517,0.8005955365143148,CONF_HIGH,328,0.3231707317073171,3.104268292682927,0.018130450439261765,-19.5,-0.05945121951219512
20,2025-07-01,2026-01-01,438397,111517,0.8005955365143148,OUTSIDER_HE,7,0.0,12.328571428571427,0.06729763089737457,-7.0,-1.0
20,2025-07-01,2026-01-01,438397,111517,0.8005955365143148,EXTREME_HE,0,0.0,0.0,0.0,0.0,0.0
